<modification>
    <name>Product Enquiry Form</name>
    <code>Productenquiryform</code>
    <version>2.0</version>
    <author>IRS SOFT</author>

   <!--catalog controller file start-->
    <file path="catalog/controller/product/product.php">
        <operation>
            <search  ><![CDATA[public function index() {]]></search>
            <add position="after"><![CDATA[//send maill codeing start here

        $data['success']="";

        if (($this->request->server['REQUEST_METHOD'] == 'POST') && $this->validate()) {
            unset($this->session->data['captcha']);

            $mail = new Mail($this->config->get('config_mail'));
            $mail->setTo($this->config->get('config_email'));
            $mail->setFrom($this->request->post['email']);
            $mail->setSender($this->request->post['name']);
            $mail->setSubject(sprintf($this->language->get('email_subject'), $this->request->post['name']));
            $mail->setText(strip_tags($this->request->post['enquiry']));

$mail->protocol = $this->config->get('config_mail_protocol');
                    $mail->parameter = $this->config->get('config_mail_parameter');
                    $mail->smtp_hostname = $this->config->get('config_mail_smtp_hostname');
                    $mail->smtp_username = $this->config->get('config_mail_smtp_username');
                    $mail->smtp_password = html_entity_decode($this->config->get('config_mail_smtp_password'), ENT_QUOTES, 'UTF-8');
                    $mail->smtp_port = $this->config->get('config_mail_smtp_port');

            $mail->send();

            $data['success']=$this->language->get('text_esuccess');;

        }

          

        //send maill coding end here]]>
            </add>
        </operation>

 	<operation>
            <search  ><![CDATA[$data['tab_description'] = $this->language->get('tab_description');]]></search>
            <add position="before"><![CDATA[//send maill coding start here

            $data['tab_question'] = $this->language->get('tab_question');
$data['button_sendenqu'] = $this->language->get('button_sendenqu');
            $data['entry_name'] = $this->language->get('entry_name');
            $data['entry_email'] = $this->language->get('entry_email');
            $data['entry_enquiry'] = $this->language->get('entry_enquiry');
            $data['entry_captcha'] = $this->language->get('entry_captcha');


            if (isset($this->error['name'])) {
                $data['error_name'] = $this->error['name'];
            } else {
                $data['error_name'] = '';
            }

            if (isset($this->error['email'])) {
                $data['error_email'] = $this->error['email'];
            } else {
                $data['error_email'] = '';
            }

            if (isset($this->error['enquiry'])) {
                $data['error_enquiry'] = $this->error['enquiry'];
            } else {
                $data['error_enquiry'] = '';
            }

            if (isset($this->error['captcha'])) {
                $data['error_captcha'] = $this->error['captcha'];
            } else {
                $data['error_captcha'] = '';
            }

            $data['button_submit'] = $this->language->get('button_submit');


            if (isset($this->request->post['name'])) {
                $data['name'] = $this->request->post['name'];
            } else {
                $data['name'] = $this->customer->getFirstName();
            }

            if (isset($this->request->post['email'])) {
                $data['email'] = $this->request->post['email'];
            } else {
                $data['email'] = $this->customer->getEmail();
            }

            if (isset($this->request->post['enquiry'])) {
                $data['enquiry'] = $this->request->post['enquiry'];
            } else {
                $data['enquiry'] = '';
            }

            if ($this->config->get('recaptcha_private_key') && $this->config->get('recaptcha_public_key')) {
                require_once(DIR_SYSTEM . 'library/recaptchalib.php');

                if ($this->config->get('config_ssl')) {
                    $recaptcha_ssl = true;
                } else {
                    $recaptcha_ssl = false;
                }

                $data['recaptcha'] = recaptcha_get_html($this->config->get('recaptcha_public_key'), null, $recaptcha_ssl);
            } else {
                $data['recaptcha'] = '';
            }
   //send maill coding end here]]>
            </add>
        </operation>

        <operation>
            <search  ><![CDATA[public function write() {]]></search>
            <add position="before"><![CDATA[ protected function validate() {
$this->load->language('product/product');
        if ((utf8_strlen($this->request->post['name']) < 3) || (utf8_strlen($this->request->post['name']) > 32)) {
            $this->error['name'] = $this->language->get('error_ename');
        }

        if (!preg_match('/^[^\@]+@.*.[a-z]{2,15}$/i', $this->request->post['email'])) {
            $this->error['email'] = $this->language->get('error_eemail');
        }

        if ((utf8_strlen($this->request->post['enquiry']) < 10) || (utf8_strlen($this->request->post['enquiry']) > 3000)) {
            $this->error['enquiry'] = $this->language->get('error_enquiry');
        }

       if (!$this->config->get('recaptcha_private_key') || !$this->config->get('recaptcha_public_key')) {
            if (empty($this->session->data['captcha']) || ($this->session->data['captcha'] != $this->request->post['captcha'])) {
                $this->error['captcha'] = $this->language->get('error_captcha');
            }
        } else {
            require_once(DIR_SYSTEM . 'library/recaptchalib.php');

            if (!isset($this->request->post['recaptcha_challenge_field']) || !isset($this->request->post['recaptcha_response_field'])) {
                $this->error['captcha'] = $this->language->get('error_captcha');
            } else {
                $response = recaptcha_check_answer($this->config->get('recaptcha_private_key'), $this->request->server['REMOTE_ADDR'], $this->request->post['recaptcha_challenge_field'], $this->request->post['recaptcha_response_field']);

                if (!$response->is_valid) {
                    $this->error['captcha'] = $this->language->get('error_captcha');
                }
            }
        }

        return !$this->error;
    }]]>
            </add>
        </operation>
    </file>
    <!-- catalog controller file end-->

    <!--catalog language file start-->
    <file path="catalog/language/*/product/product.php">
        <operation>
            <search ><![CDATA[$_['tab_review']               = 'Reviews (%s)';]]></search>
            <add position="after" ><![CDATA[$_['tab_question']             = 'Product Enquiry';
$_['entry_email']    = 'E-Mail Address';
$_['entry_enquiry']  = 'Enquiry';
$_['email_subject']  = 'Enquiry %s';
$_['button_sendenqu']         = 'Send Enquiry';
$_['entry_captcha']            = 'Enter the code in the box below';
$_['text_esuccess']             = 'Your question has been successfully send. We will answer as soon as possible.';
// Errors
$_['error_ename']     = 'Name must be between 3 and 32 characters!';
$_['error_eemail']    = 'E-Mail Address does not appear to be valid!';
$_['error_enquiry']  = 'Enquiry must be between 10 and 3000 characters!';
$_['error_captcha']  = 'Verification code does not match the image!';]]>
            </add>
        </operation>
    </file>
    <!-- catalog language file end-->

   
    <!--catalog view file start-->
    <file path="catalog/view/theme/*/template/product/product.tpl">
        <operation>
            <search ><![CDATA[<li><a href="#tab-review" data-toggle="tab"><?php echo $tab_review; ?></a></li>]]></search>
            <add position="after" offset="1"><![CDATA[<li ><a href="#tab-question" data-toggle="tab" ><?php echo $tab_question; ?></a></li>]]>
            </add>
        </operation>
        <operation>
             <search ><![CDATA[<div class="tab-pane active" id="tab-description"><?php echo $description; ?></div>]]></search>
            <add position="after" ><![CDATA[ <div class="tab-pane" id="tab-question">
                  <h3> <?php echo "Do you have any question about ".$heading_title." ?"; ?> </h3>
                  <form action="<?php //echo $action; ?>" method="post" enctype="multipart/form-data" class="form-horizontal">
                      <fieldset>
                          <?php if($success){ ?>
                          <div class="alert alert-success"><i class="fa fa-check-circle"></i> <?php echo $success; ?></div>
                         <?php } ?>
                          <div class="form-group required">
                               <div class="col-sm-10">
                                   <label class=" control-label" for="input-name"><?php echo $entry_name; ?></label>
                                   <input type="text" name="name" value="<?php echo $name; ?>" id="input-name" class="form-control" />
                                  <?php if ($error_name) { ?>
                                  <div class="text-danger"><?php echo $error_name; ?></div>
                                  <?php } ?>
                              </div>
                          </div>
                          <div class="form-group required">
                               <div class="col-sm-10">
                                   <label class=" control-label" for="input-email"><?php echo $entry_email; ?></label>
                                   <input type="text" name="email" value="<?php echo $email; ?>" id="input-email" class="form-control" />
                                  <?php if ($error_email) { ?>
                                  <div class="text-danger"><?php echo $error_email; ?></div>
                                  <?php } ?>
                              </div>
                          </div>
                          <div class="form-group required">
                              <div class="col-sm-10">
                                  <label class=" control-label" for="input-enquiry"><?php echo $entry_enquiry; ?></label>
                                  <textarea name="enquiry" rows="10" id="input-enquiry" class="form-control"><?php echo $enquiry; ?></textarea>
                                  <?php if ($error_enquiry) { ?>
                                  <div class="text-danger"><?php echo $error_enquiry; ?></div>
                                  <?php } ?>
                              </div>
                          </div>
                          <div class="form-group">
                              <div class="col-sm-10">
                                  <?php if ($recaptcha) { ?>
                                  <?php echo $recaptcha; ?>
                                  <br />
                                  <?php if ($error_captcha) { ?>
                                  <span class="text-danger"><?php echo $error_captcha; ?></span>
                                  <?php } ?>

                          <?php } ?>
                              </div></div>
                      </fieldset>
                      <div class="buttons">
                          <div class="">
                              <input class="btn btn-primary" type="submit" value="<?php echo $button_sendenqu; ?>" />
                          </div>
                      </div>
                  </form>
                  </div>]]>
            </add>
        </operation>


    </file>
    <!-- catalog view file end-->




</modification>
