<modification>
    <id>Discountprice Lable</id>
    <version>2.0</version>
    <vqmver>2.4.1</vqmver>
    <author>WWW.IRSSOFT.COM</author>

<!--admin pge-->

    <file path="admin/controller/catalog/product.php">

        <operation>
            <search position="after"><![CDATA[$data['entry_recurring'] = $this->language->get('entry_recurring');]]></search>
            <add><![CDATA[$data['entry_mrp'] = $this->language->get('entry_mrp');]]></add>
        </operation>

        <operation>
            <search position="before"><![CDATA[$this->load->model('setting/store');]]></search>
            <add><![CDATA[
            if (isset($this->request->post['mrp'])) {
            $data['mrp'] = $this->request->post['mrp'];
        } elseif (!empty($product_info)) {
            $data['mrp'] = $product_info['mrp'];
        } else {
            $data['mrp'] = '';
        }
            ]]></add>
        </operation>
    </file>

    <file path="admin/language/en-gb/catalog/product.php">

        <operation>
            <search position="after"><![CDATA[$_['entry_recurring']        = 'Recurring Profile';]]></search>
            <add><![CDATA[$_['entry_mrp']              = 'MRP';]]></add>
        </operation>
    </file>

    <file path="admin/model/catalog/product.php">
    <operation>
            <search position="after"><![CDATA[$this->db->query("INSERT INTO " . DB_PREFIX . "product SET model = '" . $this->db->escape($data['model']) . "', sku = '" . $this->db->escape($data['sku']) . "', upc = '" . $this->db->escape($data['upc']) . "', ean = '" . $this->db->escape($data['ean']) . "', jan = '" . $this->db->escape($data['jan']) . "', isbn = '" . $this->db->escape($data['isbn']) . "', mpn = '" . $this->db->escape($data['mpn']) . "', location = '" . $this->db->escape($data['location']) . "', quantity = '" . (int)$data['quantity'] . "', minimum = '" . (int)$data['minimum'] . "', subtract = '" . (int)$data['subtract'] . "', stock_status_id = '" . (int)$data['stock_status_id'] . "', date_available = '" . $this->db->escape($data['date_available']) . "', manufacturer_id = '" . (int)$data['manufacturer_id'] . "', shipping = '" . (int)$data['shipping'] . "', price = '" . (float)$data['price'] . "', points = '" . (int)$data['points'] . "', weight = '" . (float)$data['weight'] . "', weight_class_id = '" . (int)$data['weight_class_id'] . "', length = '" . (float)$data['length'] . "', width = '" . (float)$data['width'] . "', height = '" . (float)$data['height'] . "', length_class_id = '" . (int)$data['length_class_id'] . "', status = '" . (int)$data['status'] . "', tax_class_id = '" . (int)$data['tax_class_id'] . "', sort_order = '" . (int)$data['sort_order'] . "', date_added = NOW()");]]></search>
            <add><![CDATA[
if(isset($data['mrp'])){
$this->db->query("INSERT INTO " . DB_PREFIX . "product SET model = '" . $this->db->escape($data['model']) . "', sku = '" . $this->db->escape($data['sku']) . "', upc = '" . $this->db->escape($data['upc']) . "', ean = '" . $this->db->escape($data['ean']) . "', jan = '" . $this->db->escape($data['jan']) . "', isbn = '" . $this->db->escape($data['isbn']) . "', mpn = '" . $this->db->escape($data['mpn']) . "', location = '" . $this->db->escape($data['location']) . "', quantity = '" . (int)$data['quantity'] . "', minimum = '" . (int)$data['minimum'] . "', subtract = '" . (int)$data['subtract'] . "', stock_status_id = '" . (int)$data['stock_status_id'] . "', date_available = '" . $this->db->escape($data['date_available']) . "', manufacturer_id = '" . (int)$data['manufacturer_id'] . "', shipping = '" . (int)$data['shipping'] . "', price = '" . (float)$data['price'] . "', points = '" . (int)$data['points'] . "', weight = '" . (float)$data['weight'] . "', weight_class_id = '" . (int)$data['weight_class_id'] . "', length = '" . (float)$data['length'] . "', width = '" . (float)$data['width'] . "', height = '" . (float)$data['height'] . "', length_class_id = '" . (int)$data['length_class_id'] . "', status = '" . (int)$data['status'] . "', tax_class_id = '" . (int)$data['tax_class_id'] . "', sort_order = '" . (int)$data['sort_order'] . "', date_added = NOW()");
} else {
$this->db->query("INSERT INTO " . DB_PREFIX . "product SET model = '" . $this->db->escape($data['model']) . "', sku = '" . $this->db->escape($data['sku']) . "', upc = '" . $this->db->escape($data['upc']) . "', ean = '" . $this->db->escape($data['ean']) . "', jan = '" . $this->db->escape($data['jan']) . "', isbn = '" . $this->db->escape($data['isbn']) . "', mpn = '" . $this->db->escape($data['mpn']) . "', location = '" . $this->db->escape($data['location']) . "', mrp = '" . $this->db->escape($data['mrp']) . "',quantity = '" . (int)$data['quantity'] . "', minimum = '" . (int)$data['minimum'] . "', subtract = '" . (int)$data['subtract'] . "', stock_status_id = '" . (int)$data['stock_status_id'] . "', date_available = '" . $this->db->escape($data['date_available']) . "', manufacturer_id = '" . (int)$data['manufacturer_id'] . "', shipping = '" . (int)$data['shipping'] . "', price = '" . (float)$data['price'] . "', points = '" . (int)$data['points'] . "', weight = '" . (float)$data['weight'] . "', weight_class_id = '" . (int)$data['weight_class_id'] . "', length = '" . (float)$data['length'] . "', width = '" . (float)$data['width'] . "', height = '" . (float)$data['height'] . "', length_class_id = '" . (int)$data['length_class_id'] . "', status = '" . (int)$data['status'] . "', tax_class_id = '" . (int)$data['tax_class_id'] . "', sort_order = '" . (int)$data['sort_order'] . "', date_added = NOW()");
}]]></add>
        </operation>

    <operation>
        <search position="replace"><![CDATA[$this->db->query("UPDATE " . DB_PREFIX . "product SET model = '" . $this->db->escape($data['model']) . "', sku = '" . $this->db->escape($data['sku']) . "', upc = '" . $this->db->escape($data['upc']) . "', ean = '" . $this->db->escape($data['ean']) . "', jan = '" . $this->db->escape($data['jan']) . "', isbn = '" . $this->db->escape($data['isbn']) . "', mpn = '" . $this->db->escape($data['mpn']) . "', location = '" . $this->db->escape($data['location']) . "', quantity = '" . (int)$data['quantity'] . "', minimum = '" . (int)$data['minimum'] . "', subtract = '" . (int)$data['subtract'] . "', stock_status_id = '" . (int)$data['stock_status_id'] . "', date_available = '" . $this->db->escape($data['date_available']) . "', manufacturer_id = '" . (int)$data['manufacturer_id'] . "', shipping = '" . (int)$data['shipping'] . "', price = '" . (float)$data['price'] . "', points = '" . (int)$data['points'] . "', weight = '" . (float)$data['weight'] . "', weight_class_id = '" . (int)$data['weight_class_id'] . "', length = '" . (float)$data['length'] . "', width = '" . (float)$data['width'] . "', height = '" . (float)$data['height'] . "', length_class_id = '" . (int)$data['length_class_id'] . "', status = '" . (int)$data['status'] . "', tax_class_id = '" . (int)$data['tax_class_id'] . "', sort_order = '" . (int)$data['sort_order'] . "', date_modified = NOW() WHERE product_id = '" . (int)$product_id . "'");]]></search>

        <add><![CDATA[
if(isset($data['mrp'])){
$this->db->query("UPDATE " . DB_PREFIX . "product SET model = '" . $this->db->escape($data['model']) . "', sku = '" . $this->db->escape($data['sku']) . "', upc = '" . $this->db->escape($data['upc']) . "', ean = '" . $this->db->escape($data['ean']) . "', jan = '" . $this->db->escape($data['jan']) . "', isbn = '" . $this->db->escape($data['isbn']) . "', mpn = '" . $this->db->escape($data['mpn']) . "', location = '" . $this->db->escape($data['location']) . "',mrp = '" . $this->db->escape($data['mrp']) . "', quantity = '" . (int)$data['quantity'] . "', minimum = '" . (int)$data['minimum'] . "', subtract = '" . (int)$data['subtract'] . "', stock_status_id = '" . (int)$data['stock_status_id'] . "', date_available = '" . $this->db->escape($data['date_available']) . "', manufacturer_id = '" . (int)$data['manufacturer_id'] . "', shipping = '" . (int)$data['shipping'] . "', price = '" . (float)$data['price'] . "', points = '" . (int)$data['points'] . "', weight = '" . (float)$data['weight'] . "', weight_class_id = '" . (int)$data['weight_class_id'] . "', length = '" . (float)$data['length'] . "', width = '" . (float)$data['width'] . "', height = '" . (float)$data['height'] . "', length_class_id = '" . (int)$data['length_class_id'] . "', status = '" . (int)$data['status'] . "', tax_class_id = '" . $this->db->escape($data['tax_class_id']) . "', sort_order = '" . (int)$data['sort_order'] . "', date_modified = NOW() WHERE product_id = '" . (int)$product_id . "'");
} else {
$this->db->query("UPDATE " . DB_PREFIX . "product SET model = '" . $this->db->escape($data['model']) . "', sku = '" . $this->db->escape($data['sku']) . "', upc = '" . $this->db->escape($data['upc']) . "', ean = '" . $this->db->escape($data['ean']) . "', jan = '" . $this->db->escape($data['jan']) . "', isbn = '" . $this->db->escape($data['isbn']) . "', mpn = '" . $this->db->escape($data['mpn']) . "', location = '" . $this->db->escape($data['location']) . "', quantity = '" . (int)$data['quantity'] . "', minimum = '" . (int)$data['minimum'] . "', subtract = '" . (int)$data['subtract'] . "', stock_status_id = '" . (int)$data['stock_status_id'] . "', date_available = '" . $this->db->escape($data['date_available']) . "', manufacturer_id = '" . (int)$data['manufacturer_id'] . "', shipping = '" . (int)$data['shipping'] . "', price = '" . (float)$data['price'] . "', points = '" . (int)$data['points'] . "', weight = '" . (float)$data['weight'] . "', weight_class_id = '" . (int)$data['weight_class_id'] . "', length = '" . (float)$data['length'] . "', width = '" . (float)$data['width'] . "', height = '" . (float)$data['height'] . "', length_class_id = '" . (int)$data['length_class_id'] . "', status = '" . (int)$data['status'] . "', tax_class_id = '" . (int)$data['tax_class_id'] . "', sort_order = '" . (int)$data['sort_order'] . "', date_modified = NOW() WHERE product_id = '" . (int)$product_id . "'");
}]]></add>
    </operation>
    </file>

    <file path="admin/view/template/catalog/product_form.tpl">

        <operation>
            <search position="after" offset="2"><![CDATA[<input type="text" name="location" value="<?php echo $location; ?>" placeholder="<?php echo $entry_location; ?>" id="input-location" class="form-control" />]]></search>
            <add><![CDATA[
            <div class="form-group">
                    <label class="col-sm-2 control-label" for="input-location"><?php echo $entry_mrp; ?></label>
                    <div class="col-sm-10">
                        <input type="text" name="mrp" value="<?php if($mrp!=0.00) { echo $mrp;} ?>" placeholder="<?php echo $entry_mrp; ?>" id="input-location" class="form-control" />
                    </div>
                </div>
            ]]></add>
        </operation>
    </file>


    <!--catalog page-->


    <file path="catalog/model/catalog/product.php">
        <operation>
            <search position="before"><![CDATA['viewed'           => $query->row['viewed']]]></search>
            <add><![CDATA['mrp'              => (isset($query->row['mrp'])?$query->row['mrp']:''),]]></add>
        </operation>

    </file>

    <file path="catalog/controller/product/product.php">

        <operation>
            <search position="after"><![CDATA[$data['points'] = $product_info['points'];]]></search>
            <add><![CDATA[
           if (isset($this->request->post['mrp'])) {
                $data['mrp'] = $this->request->post['mrp'];
            } elseif (!empty($product_info)) {
                $data['mrp'] = $product_info['mrp'];
            } else {
                $data['mrp'] = '';
            }
        ]]></add>
        </operation>
        <operation>
            <search position="after"><![CDATA[$data['price'] = $this->currency->format($this->tax->calculate($product_info['price'], $product_info['tax_class_id'], $this->config->get('config_tax')), $this->session->data['currency']);]]></search>
            <add><![CDATA[
                $mrpemptyvalue=0.00;
                $data['mrp'] = $this->currency->format($product_info['mrp'], $this->session->data['currency']);
                $data['mrpemptyvalue'] = $this->currency->format($mrpemptyvalue, $this->session->data['currency']);

        ]]></add>
        </operation>

        <!--for related products-->
        <operation info="for Featured Module">
            <search position="before"><![CDATA[$data['products'][] = array(]]></search>
            <add><![CDATA[
             $mrpempty=0.00;
             $mrpempty = $this->currency->format($mrpempty, $this->session->data['currency']);

	   if ($result['mrp'])
	   {
       $mrp = $this->currency->format($result['mrp'], $this->session->data['currency']);
       }
       else
       {
       $mrp = "";
       }
]]></add>
        </operation>
        <operation>
            <search position="after"><![CDATA[$data['products'][] = array(]]></search>

            <add><![CDATA[
	 'mrp' => $mrp,
	 'mrpemptyvalue' => $mrpempty,
]]></add>
        </operation>


    </file>



    <file path="catalog/view/theme/*/template/product/product.tpl">
        <operation>
            <search position="before"><![CDATA[<?php if (!$special) { ?>]]></search>
            <add><![CDATA[
             <?php if($mrp!=$mrpemptyvalue){ ?>
              <h3><?php echo "MRP :"; ?><?php echo $mrp; ?></h3>
              <?php } ?>
            ]]></add>
        </operation>
        <operation>
            <search position="replace"><![CDATA[<h2><?php echo $price; ?></h2>]]></search>
            <add><![CDATA[
           <h2><?php if($mrp!=$mrpemptyvalue) { echo "Offer Price :"; } ?><?php echo $price; ?></h2>
            ]]></add>
        </operation>

        <operation>
            <search position="replace"><![CDATA[<li><span style="text-decoration: line-through;"><?php echo $price; ?></span></li>]]></search>
            <add><![CDATA[
          <li><?php if($mrp!=$mrpemptyvalue) { echo "Offer Price :"; } ?><span style="text-decoration: line-through;"><?php echo $price; ?></span></li>
            ]]></add>
        </operation>


        <!--for related products-->

        <operation>
            <search position="before" offset="1"><![CDATA[<span class="price-new"><?php echo $product['special']; ?></span> <span class="price-old"><?php echo $product['price']; ?></span>]]></search>
            <add><![CDATA[
                    <span class="price-old"> <?php if($product['mrp']!=$product['mrpemptyvalue']){ echo $product['mrp']; } ?></span>
]]></add>
        </operation>
        <operation>
            <search position="replace"><![CDATA[
	<span class="price-new"><?php echo $product['special']; ?></span> <span class="price-old"><?php echo $product['price']; ?></span>
	]]></search>
            <add><![CDATA[
                    <span class="price-new"><?php echo $product['special']; ?></span> <span class="price-old"><?php echo $product['price']; ?></span><span class="price-old"> <?php  if($product['mrp']!=$product['mrpemptyvalue']){ echo $product['mrp'];} ?></span>
]]></add>
        </operation>
    </file>

    <!--feature file-->
    <file path="catalog/controller/extension/module/featured.php">
        <operation info="for Featured Module">
            <search position="before"><![CDATA[$data['products'][] = array(]]></search>
            <add><![CDATA[
             $mrpemptyvalue=0.00;
             $mrpemptyvalue = $this->currency->format($mrpemptyvalue, $this->session->data['currency']);

	   if ($product_info['mrp'])
	   {
       $mrp = $this->currency->format($product_info['mrp'], $this->session->data['currency']);
       }
       else
       {
       $mrp = "";
       }
]]></add>
        </operation>
        <operation>
            <search position="after"><![CDATA[$data['products'][] = array(]]></search>

            <add><![CDATA[
	 'mrp' => $mrp,
	 'mrpemptyvalue' => $mrpemptyvalue,
]]></add>
        </operation>
    </file>

    <file path="catalog/view/theme/*/template/extension/module/featured.tpl">

        <operation>
            <search position="before" offset="1"><![CDATA[
	<span class="price-new"><?php echo $product['special']; ?></span> <span class="price-old"><?php echo $product['price']; ?></span>
	]]></search>
            <add><![CDATA[
                    <span class="price-old"> <?php if($product['mrp']!=$product['mrpemptyvalue']){ echo $product['mrp']; } ?></span>
]]></add>
        </operation>
        <operation>
            <search position="replace"><![CDATA[
	<span class="price-new"><?php echo $product['special']; ?></span> <span class="price-old"><?php echo $product['price']; ?></span>
	]]></search>
            <add><![CDATA[
                    <span class="price-new"><?php echo $product['special']; ?></span> <span class="price-old"><?php echo $product['price']; ?></span><span class="price-old"> <?php  if($product['mrp']!=$product['mrpemptyvalue']){ echo $product['mrp'];} ?></span>
]]></add>
        </operation>
    </file>


    <!--search file-->
    <file path="catalog/controller/product/search.php">
        <operation info="for Featured Module">
            <search position="before"><![CDATA[$data['products'][] = array(]]></search>
            <add><![CDATA[
             $mrpemptyvalue=0.00;
             $mrpemptyvalue = $this->currency->format($mrpemptyvalue, $this->session->data['currency']);

	   if ($result['mrp'])
	   {
       $mrp = $this->currency->format($result['mrp'], $this->session->data['currency']);
       }
       else
       {
       $mrp = "";
       }
]]></add>
        </operation>
        <operation>
            <search position="after"><![CDATA[$data['products'][] = array(]]></search>

            <add><![CDATA[
	 'mrp' => $mrp,
	 'mrpemptyvalue' => $mrpemptyvalue,
]]></add>
        </operation>
    </file>

    <file path="catalog/view/theme/*/template/product/search.tpl">

        <operation>
            <search position="before" offset="1"><![CDATA[
	<span class="price-new"><?php echo $product['special']; ?></span> <span class="price-old"><?php echo $product['price']; ?></span>
	]]></search>
            <add><![CDATA[
                    <span class="price-old"> <?php if($product['mrp']!=$product['mrpemptyvalue']){ echo $product['mrp']; } ?></span>
]]></add>
        </operation>
        <operation>
            <search position="replace"><![CDATA[
	<span class="price-new"><?php echo $product['special']; ?></span> <span class="price-old"><?php echo $product['price']; ?></span>
	]]></search>
            <add><![CDATA[
                    <span class="price-new"><?php echo $product['special']; ?></span> <span class="price-old"><?php echo $product['price']; ?></span><span class="price-old"> <?php  if($product['mrp']!=$product['mrpemptyvalue']){ echo $product['mrp'];} ?></span>
]]></add>
        </operation>
    </file>

    <!--catagory page file-->
    <file path="catalog/controller/product/category.php">
        <operation info="for Featured Module">
            <search position="before"><![CDATA[$data['products'][] = array(]]></search>
            <add><![CDATA[
             $mrpemptyvalue=0.00;
             $mrpemptyvalue = $this->currency->format($mrpemptyvalue, $this->session->data['currency']);

	   if ($result['mrp'])
	   {
       $mrp = $this->currency->format($result['mrp'], $this->session->data['currency']);
       }
       else
       {
       $mrp = "";
       }
]]></add>
        </operation>
        <operation>
            <search position="after"><![CDATA[$data['products'][] = array(]]></search>

            <add><![CDATA[
	 'mrp' => $mrp,
	 'mrpemptyvalue' => $mrpemptyvalue,
]]></add>
        </operation>
    </file>

    <file path="catalog/view/theme/*/template/product/category.tpl">

        <operation>
            <search position="before" offset="1"><![CDATA[
	<span class="price-new"><?php echo $product['special']; ?></span> <span class="price-old"><?php echo $product['price']; ?></span>
	]]></search>
            <add><![CDATA[
                    <span class="price-old"> <?php if($product['mrp']!=$product['mrpemptyvalue']){ echo $product['mrp']; } ?></span>
]]></add>
        </operation>
        <operation>
            <search position="replace"><![CDATA[
	<span class="price-new"><?php echo $product['special']; ?></span> <span class="price-old"><?php echo $product['price']; ?></span>
	]]></search>
            <add><![CDATA[
                    <span class="price-new"><?php echo $product['special']; ?></span> <span class="price-old"><?php echo $product['price']; ?></span><span class="price-old"> <?php  if($product['mrp']!=$product['mrpemptyvalue']){ echo $product['mrp'];} ?></span>
]]></add>
        </operation>
    </file>
	
	 <!-- catalog view file end-->
<file path="admin/controller/extension/extension/module.php">
   	<operation>
            <search position="after" ><![CDATA['name'      => $this->language->get('heading_title'),]]></search>
            <add><![CDATA['display2'  => $display_style2,]]>
            </add>
        </operation>
<operation>
            <search position="before" ><![CDATA[$data['extensions'][] = array(]]></search>
            <add><![CDATA[$display_style2 = ($this->language->get('heading_title') == 'Product MRP Value') ? "style=display:none" : "";]]>
            </add>
        </operation>

    </file>
    <!--catalog view file start-->
    <file path="admin/view/template/extension/extension/module.tpl">
        <operation>
            <search position="replace"><![CDATA[<a href="<?php echo $extension['edit']; ?>" data-toggle="tooltip" title="<?php echo $button_edit; ?>" class="btn btn-primary"><i class="fa fa-pencil"></i></a>]]></search>
            <add><![CDATA[<a href="<?php echo $extension['edit']; ?>" data-toggle="tooltip" title="<?php echo $button_edit; ?>" class="btn btn-primary" <?php echo $extension['display2']; ?>><i class="fa fa-pencil"></i></a>]]>
            </add>
        </operation>
   </file>

</modification>
