<modification>
    <id>Multiple Wishlists</id>
    <version>2.0</version>
    <vqmver>2.4.1</vqmver>
    <author>www.irssoft.com</author>
    
	<!-- HEADER TOPBAR MENU STARTS HERE  -->
    <!-- CONTROLLER -->
    <file path="catalog/controller/common/header.php">       
 	<operation>
            <search position="replace" ><![CDATA[$this->data['text_wishlist'] = sprintf($this->language->get('text_wishlist'), (isset($this->session->data['wishlist']) ? count($this->session->data['wishlist']) : 0));]]></search>
            <add><![CDATA[ 				
				if($this->config->get('wishlists_status') == 1){
				
				$this->load->model("account/wishlists");
				
				$wishlistcount = $this->model_account_wishlists->getWishlistscount();
				
					$this->data['text_wishlist'] = sprintf($this->language->get('text_wishlist'), $wishlistcount);
				}
				else
				{
					$this->data['text_wishlist'] = sprintf($this->language->get('text_wishlist'), (isset($this->session->data['wishlist']) ? count($this->session->data['wishlist']) : 0));
				}
				]]>            
            </add>
    </operation>
    <operation>
            <search position="replace" ><![CDATA[$this->data['wishlist'] = $this->url->link('account/wishlist', '', 'SSL');]]></search>
            <add><![CDATA[ 
				if($this->config->get('wishlists_status') == 1){
					$this->data['wishlist'] = $this->url->link('account/wishlists', '', 'SSL');
				}
				else
				{
					$this->data['wishlist'] = $this->url->link('account/wishlist', '', 'SSL');
				}					
				]]>            
            </add>
    </operation>
    </file>
    <!-- HEADER TOPBAR MENU ENDS HERE  -->    
    
	<!-- INCLUDE JS LIBRARIES AND STYLES STARTS HERE   -->
    <!-- VIEW -->
    <file path="catalog/view/theme/*/template/common/header.tpl">       
 	<operation>
            <search position="after" ><![CDATA[<link rel="stylesheet" type="text/css" href="catalog/view/theme/default/stylesheet/stylesheet.css" />]]></search>
            <add><![CDATA[ 
				<link href="catalog/view/javascript/wishlists/wishlists.css" type="text/css" rel="stylesheet">
				]]>            
            </add>
        </operation>
    </file>
    <!-- INCLUDE JS LIBRARIES AND STYLES ENDS HERE  -->	
    
	<!-- PRODUCT DETAIL PAGE STARTS HERE  -->
    <!-- CONTROLLER -->
    <file path="catalog/controller/module/account.php">    
 	<operation>
            <search position="replace" ><![CDATA[$this->data['wishlist'] = $this->url->link('account/wishlist');]]></search>
            <add><![CDATA[ 
				if($this->config->get('wishlists_status') == 1){
					$this->data['wishlist'] = $this->url->link('account/wishlists', '', 'SSL');
				}
				else
				{
					$this->data['wishlist'] = $this->url->link('account/wishlist');
				}
				]]>            
            </add>
        </operation>
    </file>>
    <!-- ACCOUNT SIDEBAR MENU ENDS HERE  -->  
    
    
	<!-- ACCOUNT MENU LINK STARTS HERE  -->
    <!-- CONTROLLER -->
    <file path="catalog/controller/account/account.php">   
 	<operation>
            <search position="replace" ><![CDATA[$this->data['wishlist'] = $this->url->link('account/wishlist');]]></search>
            <add><![CDATA[ 
				if($this->config->get('wishlists_status') == 1){
					$this->data['wishlist'] = $this->url->link('account/wishlists', '', 'SSL');
				}
				else
				{
					$this->data['wishlist'] = $this->url->link('account/wishlist');
				}
				]]>            
            </add>
        </operation>
    </file>
	<!-- ACCOUNT MENU LINK ENDS HERE  -->
	
	
	<!-- PRODUCT DETAIL PAGE STARTS HERE  -->
    <!-- CONTROLLER -->
    <file path="catalog/controller/product/product.php">   
 	<operation>
            <search position="before" ><![CDATA[$this->data['description'] = html_entity_decode($product_info['description'], ENT_QUOTES, 'UTF-8');]]></search>
            <add><![CDATA[
			// Wishlists starts here
				$this->load->model('account/wishlists');	
				$this->data['multiplewishlist'] = $this->config->get('wishlists_status');
				$wishparams = array();
				if ($this->customer->isLogged()) {
					$this->data['show_wishlist'] = 1;
					$wishparams['customer'] = $this->customer->getId();
				}else{
					$this->data['show_wishlist'] = 0;
				}
				$this->data['text_login_must'] = $this->language->get('You must be login');
				// Wishlists ends here
            ]]>
            </add>
        </operation>
    </file>

   
    <!-- VIEW -->
    <file path="catalog/view/theme/*/template/product/product.tpl">
        <operation>
            <search position="before" ><![CDATA[<?php echo $footer; ?>]]></search>
            <add><![CDATA[				
					<script type="text/javascript"><!--
					function getwishlists(){
						$listitems =	'<div class="list-group mywishlist-group">';			
						$.ajax({
							url: 'index.php?route=account/wishlists/getwishlists',
							dataType: 'json',
							type: 'post',
							async: false,
							success: function(json) {
								$.each(json, function (key, data) {
									$listitems +=  '<button type="button" style="cursor:pointer;" class="list-group-item dowishlist" wishlist='+key+'>'+data+'<i class="fa fa-check-square-o label-icon-right"></i></button>';		
								});	
							}
						});			
					$listitems +=  '</div>';		
					return $listitems;			
					}
				$(function() {
					// a workaround for a flaw in the demo system (http://dev.jqueryui.com/ticket/4375), ignore!
					$( "#wishlists-container-id:ui-dialog" ).dialog( "destroy" );				
					$( ".wishlist-add-form" ).button().click(function() {	
							$buttons = getwishlists();
							$currentproduct = $(this).attr('product');		
							$addbuttonhtml = '<div class="input-group"> <input type="text" class="form-control" name="wishlist_name" id="wishlist_name"  ><span class="input-group-btn"><button type="button" product="'+$currentproduct+'" class="addlist btn btn-default" >ADD</button></span></div>';
							$activeproductrow = '<input type="hidden" class="active_product_id" value="'+$currentproduct+'" />';
							$( "#wishlists-container-id" ).html($activeproductrow+$buttons+$addbuttonhtml);				
							$( "#wishlists-container-id" ).dialog({
								modal: true
							});		
						});
				});
				// For mouseover style the wishlist items
					$(document).on("mouseover",'#wishlists-container-id .mywishlist-group button',function() {				
						$(this).css({ 'background-color': "#00CC00" });
					});
				// For mouseout style the wishlist items
					$(document).on("mouseout",'#wishlists-container-id .mywishlist-group button',function() {
						$(this).css({ 'background-color': "#C0C0C0" });
					});
				// For add new wishlist with product
					$(document).on("click",'.addlist',function(){					  
						$product = $(this).parents('.wishlist-container-box').find("input.active_product_id").val();
						$wishlist = $(this).parent("span").parent("div").find("input#wishlist_name").val();						
						$.ajax({
							url: 'index.php?route=account/wishlists/add',
							dataType: 'json',
							type: 'post',
							data: 'wishlist_name=' +  encodeURIComponent($wishlist) + '&product_id=' + $product,
							success: function(json) {
										$('.success, .warning, .attention, .information').remove();													
										if (json['success']) {
												$('#notification').html('<div class="success" style="display: none;">' + json['success'] + '<img src="catalog/view/theme/default/image/close.png" alt="" class="close" /></div>');											
											} else if(json.info) {																
												$('#notification').html('<div class="success" style="display: none;">' + json['info'] + '<img src="catalog/view/theme/default/image/close.png" alt="" class="close" /></div>');											
											}
										$('.success').fadeIn('slow');											
										//$('#wishlist-total').html(json['total']);											
										$('html, body').animate({ scrollTop: 0 }, 'slow');
									
										$("#wishlists-container-id").dialog( "close" );
							}
						});
					});

					// For add product to existing wishlist
					$(document).on("click", ".dowishlist", function() {
						$wishlist = $(this).attr('wishlist');
						$product = $(this).parents('#wishlists-container-id').find("input.active_product_id").val();
						
						$.ajax({
							url: 'index.php?route=account/wishlists/add',
							dataType: 'json',
							type: 'post',
							data: 'wishlist_id=' +  $wishlist + '&product_id=' + $product,
							success: function(json) {	
										$('.success, .warning, .attention, .information').remove();													
										if (json['success']) {
												$('#notification').html('<div class="success" style="display: none;">' + json['success'] + '<img src="catalog/view/theme/default/image/close.png" alt="" class="close" /></div>');											
											} else if(json.info) {																
												$('#notification').html('<div class="success" style="display: none;">' + json['info'] + '<img src="catalog/view/theme/default/image/close.png" alt="" class="close" /></div>');											
											}
										$('.success').fadeIn('slow');											
										//$('#wishlist-total').html(json['total']);											
										$('html, body').animate({ scrollTop: 0 }, 'slow');
									
										$("#wishlists-container-id").dialog( "close" );
							}
				
					});
					});

					--></script>
					]]>
            </add>
        </operation>

		<operation>
					<search position="replace" ><![CDATA[<a onclick="addToWishList('<?php echo $product_id; ?>');"><?php echo $button_wishlist; ?></a>]]></search>
					<add><![CDATA[
						  <?php if($show_wishlist==1 && $multiplewishlist==1) { ?>
						  <a class="wishlist-add-form" product="<?php echo $product_id; ?>"><?php echo $button_wishlist; ?></a>						  
						  <?php } else { ?>
						  <a  title="<?php echo $text_login_must; ?>"><?php echo $button_wishlist; ?></a>
						  <?php } ?>
						]]>
					</add>
				</operation>

		<operation>
            <search position="after" ><![CDATA[<h1><?php echo $heading_title; ?></h1>]]></search>
            <add><![CDATA[	
				<div id="wishlists-container-id" class="wishlist-container-box" style="display:none;"  title="Add to Wishlist">
									  <div class="popover-body">						
									  </div>
				</div>
          ]]>
            </add>
        </operation>
        </file>
	<!-- PRODUCT DETAIL PAGE ENDS HERE  -->
	
	
	<!--- SEARCH PAGE STARTS HERE  -->
    <!-- CONTROLLER -->
    <file path="catalog/controller/product/search.php">    
 	<operation>
            <search position="after"><![CDATA[$this->data['compare'] = $this->url->link('product/compare');]]></search>
            <add><![CDATA[	
			// Wishlists starts here
				$this->load->model('account/wishlists');	
				$this->data['multiplewishlist'] = $this->config->get('wishlists_status');
				$wishparams = array();
				if ($this->customer->isLogged()) {
					$this->data['show_wishlist'] = 1;
					$wishparams['customer'] = $this->customer->getId();
				}else{
					$this->data['show_wishlist'] = 0;
				}
				$this->data['text_login_must'] = $this->language->get('You must be login');
				// Wishlists ends here
        ]]>
            </add>
        </operation>  
    </file>
   
   
    <!-- VIEW -->
    <file path="catalog/view/theme/*/template/product/search.tpl">       

<operation>
            <search position="before" ><![CDATA[<h1><?php echo $heading_title; ?></h1>]]></search>
            <add><![CDATA[ 
				 <div id="wishlists-container-id" class="wishlist-container-box" style="display:none;"  title="Add to Wishlist">
									  <div class="popover-body">						
									  </div>
				</div>
				]]>
            </add>
        </operation>

	<operation>
            <search position="replace" ><![CDATA[<a onclick="addToWishList('<?php echo $product['product_id']; ?>');"><?php echo $button_wishlist; ?></a>]]></search>
            <add><![CDATA[
				<?php if($show_wishlist==1 && $multiplewishlist==1) { ?>				
				<a class="wishlist-add-form" rel="popover" product="<?php echo $product['product_id']; ?>" title="<?php echo $button_wishlist; ?>"><?php echo $button_wishlist; ?></a>
                <?php } else { ?>
                <a title="<?php echo $text_login_must; ?>"><?php echo $button_wishlist; ?></a>
                <?php } ?>
                ]]>
            </add>
        </operation>

<operation>
            <search position="before" ><![CDATA[<?php echo $footer; ?>]]></search>
            <add><![CDATA[				
					<script type="text/javascript"><!--
					function getwishlists(){
						$listitems =	'<div class="list-group mywishlist-group">';			
						$.ajax({
							url: 'index.php?route=account/wishlists/getwishlists',
							dataType: 'json',
							type: 'post',
							async: false,
							success: function(json) {
								$.each(json, function (key, data) {
									$listitems +=  '<button type="button" style="cursor:pointer;" class="list-group-item dowishlist" wishlist='+key+'>'+data+'<i class="fa fa-check-square-o label-icon-right"></i></button>';		
								});	
							}
						});			
					$listitems +=  '</div>';		
					return $listitems;			
					}
				$(function() {
					// a workaround for a flaw in the demo system (http://dev.jqueryui.com/ticket/4375), ignore!
					$( "#wishlists-container-id:ui-dialog" ).dialog( "destroy" );				
					$( ".wishlist-add-form" ).button().click(function() {	
							$buttons = getwishlists();
							$currentproduct = $(this).attr('product');		
							$addbuttonhtml = '<div class="input-group"> <input type="text" class="form-control" name="wishlist_name" id="wishlist_name"  ><span class="input-group-btn"><button type="button" product="'+$currentproduct+'" class="addlist btn btn-default" >ADD</button></span></div>';
							$activeproductrow = '<input type="hidden" class="active_product_id" value="'+$currentproduct+'" />';
							$( "#wishlists-container-id" ).html($activeproductrow+$buttons+$addbuttonhtml);				
							$( "#wishlists-container-id" ).dialog({
								modal: true
							});		
						});
				});
				// For mouseover style the wishlist items
					$(document).on("mouseover",'#wishlists-container-id .mywishlist-group button',function() {				
						$(this).css({ 'background-color': "#00CC00" });
					});
				// For mouseout style the wishlist items
					$(document).on("mouseout",'#wishlists-container-id .mywishlist-group button',function() {
						$(this).css({ 'background-color': "#C0C0C0" });
					});
				// For add new wishlist with product
					$(document).on("click",'.addlist',function(){					  
						$product = $(this).parents('.wishlist-container-box').find("input.active_product_id").val();
						$wishlist = $(this).parent("span").parent("div").find("input#wishlist_name").val();						
						$.ajax({
							url: 'index.php?route=account/wishlists/add',
							dataType: 'json',
							type: 'post',
							data: 'wishlist_name=' +  encodeURIComponent($wishlist) + '&product_id=' + $product,
							success: function(json) {
										$('.success, .warning, .attention, .information').remove();													
										if (json['success']) {
												$('#notification').html('<div class="success" style="display: none;">' + json['success'] + '<img src="catalog/view/theme/default/image/close.png" alt="" class="close" /></div>');											
											} else if(json.info) {																
												$('#notification').html('<div class="success" style="display: none;">' + json['info'] + '<img src="catalog/view/theme/default/image/close.png" alt="" class="close" /></div>');											
											}
										$('.success').fadeIn('slow');											
										//$('#wishlist-total').html(json['total']);											
										$('html, body').animate({ scrollTop: 0 }, 'slow');
									
										$("#wishlists-container-id").dialog( "close" );
							}
						});
					});

					// For add product to existing wishlist
					$(document).on("click", ".dowishlist", function() {
						$wishlist = $(this).attr('wishlist');
						$product = $(this).parents('#wishlists-container-id').find("input.active_product_id").val();
						
						$.ajax({
							url: 'index.php?route=account/wishlists/add',
							dataType: 'json',
							type: 'post',
							data: 'wishlist_id=' +  $wishlist + '&product_id=' + $product,
							success: function(json) {	
										$('.success, .warning, .attention, .information').remove();													
										if (json['success']) {
												$('#notification').html('<div class="success" style="display: none;">' + json['success'] + '<img src="catalog/view/theme/default/image/close.png" alt="" class="close" /></div>');											
											} else if(json.info) {																
												$('#notification').html('<div class="success" style="display: none;">' + json['info'] + '<img src="catalog/view/theme/default/image/close.png" alt="" class="close" /></div>');											
											}
										$('.success').fadeIn('slow');											
										//$('#wishlist-total').html(json['total']);											
										$('html, body').animate({ scrollTop: 0 }, 'slow');
									
										$("#wishlists-container-id").dialog( "close" );
							}
				
					});
					});

					--></script>
				
				
				]]>
            </add>
        </operation>
    </file>
	<!-- SEARCH PAGE ENDS HERE  -->      
    
	<!--- CATEGORY PAGE STARTS HERE  -->
    <!-- CONTROLLER -->
    <file path="catalog/controller/product/category.php">    
 	<operation>
            <search position="after"><![CDATA[$this->data['compare'] = $this->url->link('product/compare');]]></search>
            <add><![CDATA[	
			// Wishlists starts here
				$this->load->model('account/wishlists');	
				$this->data['multiplewishlist'] = $this->config->get('wishlists_status');
				$wishparams = array();
				if ($this->customer->isLogged()) {
					$this->data['show_wishlist'] = 1;
					$wishparams['customer'] = $this->customer->getId();
				}else{
					$this->data['show_wishlist'] = 0;
				}
				$this->data['text_login_must'] = $this->language->get('You must be login');
				// Wishlists ends here
        ]]>
            </add>
        </operation>  
    </file>
   
   
    <!-- VIEW -->
    <file path="catalog/view/theme/*/template/product/category.tpl">       

<operation>
            <search position="before" ><![CDATA[<h1><?php echo $heading_title; ?></h1>]]></search>
            <add><![CDATA[ 
				 <div id="wishlists-container-id" class="wishlist-container-box" style="display:none;"  title="Add to Wishlist">
									  <div class="popover-body">						
									  </div>
				</div>
				]]>
            </add>
        </operation>

	<operation>
            <search position="replace" ><![CDATA[<a onclick="addToWishList('<?php echo $product['product_id']; ?>');"><?php echo $button_wishlist; ?></a>]]></search>
            <add><![CDATA[
				<?php if($show_wishlist==1 && $multiplewishlist==1) { ?>
				<a class="wishlist-add-form" rel="popover" product="<?php echo $product['product_id']; ?>" title="<?php echo $button_wishlist; ?>"><?php echo $button_wishlist; ?></a>
                <?php } else { ?>
                <a title="<?php echo $text_login_must; ?>"><?php echo $button_wishlist; ?></a>
                <?php } ?>
                ]]>
            </add>
        </operation>

<operation>
            <search position="before" ><![CDATA[<?php echo $footer; ?>]]></search>
            <add><![CDATA[				
					<script type="text/javascript"><!--
					function getwishlists(){
						$listitems =	'<div class="list-group mywishlist-group">';			
						$.ajax({
							url: 'index.php?route=account/wishlists/getwishlists',
							dataType: 'json',
							type: 'post',
							async: false,
							success: function(json) {
								$.each(json, function (key, data) {
									$listitems +=  '<button type="button" style="cursor:pointer;" class="list-group-item dowishlist" wishlist='+key+'>'+data+'<i class="fa fa-check-square-o label-icon-right"></i></button>';		
								});	
							}
						});			
					$listitems +=  '</div>';		
					return $listitems;			
					}
				$(function() {
					// a workaround for a flaw in the demo system (http://dev.jqueryui.com/ticket/4375), ignore!
					$( "#wishlists-container-id:ui-dialog" ).dialog( "destroy" );				
					$( ".wishlist-add-form" ).button().click(function() {	
							$buttons = getwishlists();
							$currentproduct = $(this).attr('product');		
							$addbuttonhtml = '<div class="input-group"> <input type="text" class="form-control" name="wishlist_name" id="wishlist_name"  ><span class="input-group-btn"><button type="button" product="'+$currentproduct+'" class="addlist btn btn-default" >ADD</button></span></div>';
							$activeproductrow = '<input type="hidden" class="active_product_id" value="'+$currentproduct+'" />';
							$( "#wishlists-container-id" ).html($activeproductrow+$buttons+$addbuttonhtml);				
							$( "#wishlists-container-id" ).dialog({
								modal: true
							});		
						});
				});
				// For mouseover style the wishlist items
					$(document).on("mouseover",'#wishlists-container-id .mywishlist-group button',function() {				
						$(this).css({ 'background-color': "#00CC00" });
					});
				// For mouseout style the wishlist items
					$(document).on("mouseout",'#wishlists-container-id .mywishlist-group button',function() {
						$(this).css({ 'background-color': "#C0C0C0" });
					});
				// For add new wishlist with product
					$(document).on("click",'.addlist',function(){
					  //  $product = $(this).attr('product');
						$product = $(this).parents('.wishlist-container-box').find("input.active_product_id").val();
						$wishlist = $(this).parent("span").parent("div").find("input#wishlist_name").val();
						//alert('wishlist_name=' +  encodeURIComponent($wishlist) + '&product_id=' + $product); return false;
						$.ajax({
							url: 'index.php?route=account/wishlists/add',
							dataType: 'json',
							type: 'post',
							data: 'wishlist_name=' +  encodeURIComponent($wishlist) + '&product_id=' + $product,
							success: function(json) {
										$('.success, .warning, .attention, .information').remove();													
										if (json['success']) {
												$('#notification').html('<div class="success" style="display: none;">' + json['success'] + '<img src="catalog/view/theme/default/image/close.png" alt="" class="close" /></div>');											
											} else if(json.info) {																
												$('#notification').html('<div class="success" style="display: none;">' + json['info'] + '<img src="catalog/view/theme/default/image/close.png" alt="" class="close" /></div>');											
											}
										$('.success').fadeIn('slow');											
										//$('#wishlist-total').html(json['total']);											
										$('html, body').animate({ scrollTop: 0 }, 'slow');
									
										$("#wishlists-container-id").dialog( "close" );
							}
						});
					});

					// For add product to existing wishlist
					$(document).on("click", ".dowishlist", function() {
						$wishlist = $(this).attr('wishlist');
						$product = $(this).parents('#wishlists-container-id').find("input.active_product_id").val();
						
						$.ajax({
							url: 'index.php?route=account/wishlists/add',
							dataType: 'json',
							type: 'post',
							data: 'wishlist_id=' +  $wishlist + '&product_id=' + $product,
							success: function(json) {	
										$('.success, .warning, .attention, .information').remove();													
										if (json['success']) {
												$('#notification').html('<div class="success" style="display: none;">' + json['success'] + '<img src="catalog/view/theme/default/image/close.png" alt="" class="close" /></div>');											
											} else if(json.info) {																
												$('#notification').html('<div class="success" style="display: none;">' + json['info'] + '<img src="catalog/view/theme/default/image/close.png" alt="" class="close" /></div>');											
											}
										$('.success').fadeIn('slow');											
										//$('#wishlist-total').html(json['total']);											
										$('html, body').animate({ scrollTop: 0 }, 'slow');
									
										$("#wishlists-container-id").dialog( "close" );
							}
				
					});
					});

					--></script>			
				
				]]>
            </add>
        </operation>
    </file>
	<!-- CATEGORY PAGE ENDS HERE  -->   
</modification>

