<modification>
	<id>IRS Product Based Shipping Charge</id>
	<version>1.0 OC 2.x</version>
	<vqmver>2.0.0</vqmver>
	<author>IRSSoft</author>
	
	<file name="admin/controller/catalog/product.php" error="skip">	
				
		<operation>
			<search position="after" offset="1"><![CDATA[$product_info = $this->model_catalog_product->getProduct($this->request->get['product_id']);]]></search>
			<add><![CDATA[	
				$data['productbasedshipping_status']=$this->config->get('productbasedshipping_status');
					if($this->config->get('productbasedshipping_status')){
						$this->load->language('shipping/irs_shipping');		
							$shipping_charge='';
				$data['entry_shippingprice'] = $this->language->get('entry_shippingprice');
				if(isset($this->request->get['product_id'])){
				$shipping_charge = $this->model_catalog_product->productshippingcharge($this->request->get['product_id']);
				} 
				if (isset($this->request->post['shipping_charge'])) {
					$data['shipping_charge'] = $this->request->post['shipping_charge'];
				} elseif (!empty($shipping_charge)) {
					$data['shipping_charge'] = $shipping_charge;
				} else {
					$data['shipping_charge'] = '';
				}	
				}				
			]]></add>
		</operation>
		<operation>
			<search position="before"><![CDATA[if (isset($this->error['warning'])) {]]></search>
			<add><![CDATA[	
					if (isset($this->error['shipping_charge'])) {
						$data['error_shipping_charge'] = $this->error['shipping_charge'];
					} else {
						$data['error_shipping_charge'] = '';
					}
			]]></add>
		</operation>
		<operation>
			<search position="before"><![CDATA[foreach ($this->request->post['product_description'] as $language_id => $value) {]]></search>
			<add><![CDATA[ if($this->config->get('productbasedshipping_status')){	$this->load->language('shipping/irs_shipping');	
					if ($this->request->post['shipping'] == 1) { 
						if (empty($this->request->post['shipping_charge'])) {
							$this->error['shipping_charge'] = $this->language->get('error_shipping_charge');
						}
					}
					}					
			]]></add>
		</operation>
	</file> 	
	<file name="admin/model/catalog/product.php" error="skip">	
		<operation>
			<search position="after" offset="2"><![CDATA[$this->db->query("INSERT INTO " . DB_PREFIX . "product SET model = '" . $this->db->escape($data['model']) . "', sku = '" . $this->db->escape($data['sku']) . "', upc = '" . $this->db->escape($data['upc']) . "', ean = '" . $this->db->escape($data['ean']) . "', jan = '" . $this->db->escape($data['jan']) . "', isbn = '" . $this->db->escape($data['isbn']) . "', mpn = '" . $this->db->escape($data['mpn']) . "', location = '" . $this->db->escape($data['location']) . "', quantity = '" . (int)$data['quantity'] . "', minimum = '" . (int)$data['minimum'] . "', subtract = '" . (int)$data['subtract'] . "', stock_status_id = '" . (int)$data['stock_status_id'] . "', date_available = '" . $this->db->escape($data['date_available']) . "', manufacturer_id = '" . (int)$data['manufacturer_id'] . "', shipping = '" . (int)$data['shipping'] . "', price = '" . (float)$data['price'] . "', points = '" . (int)$data['points'] . "', weight = '" . (float)$data['weight'] . "', weight_class_id = '" . (int)$data['weight_class_id'] . "', length = '" . (float)$data['length'] . "', width = '" . (float)$data['width'] . "', height = '" . (float)$data['height'] . "', length_class_id = '" . (int)$data['length_class_id'] . "', status = '" . (int)$data['status'] . "', tax_class_id = '" . (int)$data['tax_class_id'] . "', sort_order = '" . (int)$data['sort_order'] . "', date_added = NOW()");]]></search>
			<add><![CDATA[				
					if (isset($data['shipping_charge'])) { if($data['shipping'] != 1){ $data['shipping_charge']=0; } 
			$this->db->query("INSERT INTO " . DB_PREFIX . "product_shipping_charge SET product_id = '" . (int)$product_id . "', shipping_charge = '" . $this->db->escape($data['shipping_charge']) . "' ");
					}			
			]]></add>
		</operation>
		<operation>
			<search position="after"><![CDATA[$this->db->query("UPDATE " . DB_PREFIX . "product SET model = '" . $this->db->escape($data['model']) . "', sku = '" . $this->db->escape($data['sku']) . "', upc = '" . $this->db->escape($data['upc']) . "', ean = '" . $this->db->escape($data['ean']) . "', jan = '" . $this->db->escape($data['jan']) . "', isbn = '" . $this->db->escape($data['isbn']) . "', mpn = '" . $this->db->escape($data['mpn']) . "', location = '" . $this->db->escape($data['location']) . "', quantity = '" . (int)$data['quantity'] . "', minimum = '" . (int)$data['minimum'] . "', subtract = '" . (int)$data['subtract'] . "', stock_status_id = '" . (int)$data['stock_status_id'] . "', date_available = '" . $this->db->escape($data['date_available']) . "', manufacturer_id = '" . (int)$data['manufacturer_id'] . "', shipping = '" . (int)$data['shipping'] . "', price = '" . (float)$data['price'] . "', points = '" . (int)$data['points'] . "', weight = '" . (float)$data['weight'] . "', weight_class_id = '" . (int)$data['weight_class_id'] . "', length = '" . (float)$data['length'] . "', width = '" . (float)$data['width'] . "', height = '" . (float)$data['height'] . "', length_class_id = '" . (int)$data['length_class_id'] . "', status = '" . (int)$data['status'] . "', tax_class_id = '" . (int)$data['tax_class_id'] . "', sort_order = '" . (int)$data['sort_order'] . "', date_modified = NOW() WHERE product_id = '" . (int)$product_id . "'");]]></search>
			<add><![CDATA[				
					if (isset($data['shipping_charge'])) { 

			$product_shipping_charge_id=$this->db->query("SELECT product_shipping_charge_id FROM " . DB_PREFIX . "product_shipping_charge WHERE product_id = '" . (int)$product_id . "' ")->row;

			if($product_shipping_charge_id['product_shipping_charge_id']){ if($data['shipping'] != 1){ $data['shipping_charge']=0; } 
			$this->db->query("UPDATE " . DB_PREFIX . "product_shipping_charge SET shipping_charge = '" . $this->db->escape($data['shipping_charge']) . "' WHERE product_shipping_charge_id = '" . (int)$product_shipping_charge_id['product_shipping_charge_id'] . "'");
			} else{ if($data['shipping'] != 1){ $data['shipping_charge']=0; } 
			$this->db->query("INSERT INTO " . DB_PREFIX . "product_shipping_charge SET product_id = '" . (int)$product_id . "', shipping_charge = '" . $this->db->escape($data['shipping_charge']) . "' ");
			}
		}
			]]></add>
		</operation>
		<operation>
			<search position="after"><![CDATA[$this->db->query("DELETE FROM " . DB_PREFIX . "product WHERE product_id = '" . (int)$product_id . "'");]]></search>
			<add><![CDATA[				
					$this->db->query("DELETE FROM " . DB_PREFIX . "product_shipping_charge WHERE product_id = '" . (int)$product_id . "'");
			]]></add>
		</operation>
<operation>
			<search position="before"><![CDATA[public function addProduct($data) {]]></search>
			<add><![CDATA[				
					public function productshippingcharge($product_id) {
		$query = $this->db->query("SELECT shipping_charge FROM " . DB_PREFIX . "product_shipping_charge WHERE product_id = '" . (int)$product_id . "'");

		//return $query->row['shipping_charge'];
		if($query->row){
		return $query->row['shipping_charge'];
		} else {
		return false;
		}
	} 
			]]></add>
		</operation>
	</file> 
	<file name="admin/view/template/catalog/product_form.tpl" error="skip">	
		<operation>
			<search position="before" offset="1"><![CDATA[<label class="col-sm-2 control-label" for="input-keyword"><span data-toggle="tooltip" title="<?php echo $help_keyword; ?>"><?php echo $entry_keyword; ?></span></label>]]></search>
			<add><![CDATA[				
					<?php if($productbasedshipping_status){ if ($shipping) {
                     $style=''; } else { $style='style="display: none;"';
                    } ?>
              <div class="form-group" id="sellershipping" <?php echo $style?> >
                <label class="col-sm-2 control-label" for="input-price"><?php echo $entry_shippingprice; ?></label>
                <div class="col-sm-10">
                  <input type="text" name="shipping_charge" value="<?php echo $shipping_charge; ?>" placeholder="<?php echo $shipping_charge; ?>" id="input-price" class="form-control" />
					<?php if ($error_shipping_charge) { ?>
						<div class="text-danger"><?php echo $error_shipping_charge; ?></div>
					<?php } ?>
                </div>
              </div>	<?php } ?>		
			]]></add>
		</operation>
		<operation>
			<search position="before"><![CDATA[<?php echo $footer; ?>]]></search>
			<add><![CDATA[				
					<script type="text/javascript">
						$(document).ready(function() { //READY STARTS HERE
					//-----------------------------------------------------//
							$(document).on('click','input[name=\'shipping\']',function ()
							{
					 $name= $("input[name='shipping']:checked").val();
								if($name==1){
									$("#sellershipping").removeAttr("style");
								}else{
									$("#sellershipping").attr("style","display: none");
								}

							});//end onclick function

						});//READY ENDS HERE
					</script>		
			]]></add>
		</operation>
		 </file>
    <file path="catalog/controller/product/product.php">
		<operation>
            <search position="before"><![CDATA[if ((float)$product_info['special']) {]]></search>
            <add><![CDATA[
				$data['productbasedshipping_status']=$this->config->get('productbasedshipping_status');
				if($this->config->get('productbasedshipping_status')){
				if($product_info['shipping'] == 1){
					$getShippingcharge = $this->db->query("SELECT shipping_charge FROM ".DB_PREFIX."product_shipping_charge WHERE product_id = '".$product_id."'")->row;
					if(isset($getShippingcharge['shipping_charge'])){
					$adminShippingchargevalue ="+ ".$this->currency->format($getShippingcharge['shipping_charge'], $this->session->data['currency']) ." Delivery";
					} else {
					$adminShippingchargevalue = "(Free delivery)";
					}
				} else {
					$adminShippingchargevalue = "(Free delivery)";
				}		
				$data['shippingcharge'] = $adminShippingchargevalue;		
				}
			]]></add>
    </operation>   
	</file> 	
		<file name="catalog/model/catalog/product.php" error="skip">	
		<operation>
			<search position="after" ><![CDATA['special'          => $query->row['special'],]]></search>
			<add><![CDATA[				
					'shipping'         => $query->row['shipping'],
			]]></add>
		</operation>
		 </file>
    <file path="catalog/view/theme/*/template/product/product.tpl">
	<operation>
				<search position="after"><![CDATA[<h2><?php echo $price; ?></h2>]]></search>
				<add><![CDATA[	
					<?php if($productbasedshipping_status){ ?>
					<span ><?php echo $shippingcharge; ?></span>
					<?php } ?>
			]]></add>
		</operation> 
		<operation>
				<search position="after"><![CDATA[<h2><?php echo $special; ?></h2>]]></search>
				<add><![CDATA[	
					<?php if($productbasedshipping_status){ ?>
					<span ><?php echo $shippingcharge; ?></span>
					<?php } ?>
			]]></add>
		</operation>  		
        
		</file> 
</modification>
