<?xml version="1.0" encoding="utf-8"?>
<modification>

	<name><![CDATA[Export Data Bulk]]></name>
	<code><![CDATA[irs_exportdatabulk]]></code>	
	<version><![CDATA[2.0]]></version>
	<author><![CDATA[IRSSOFT]]></author> 
	<link><![CDATA[http://www.irssoft.com/]]></link>
  
<!-- Product Returns -->
	<!-- Language -->

	<file path="admin/language/english/default.php">
		<operation>
			<search><![CDATA[$_['button_approve']                = 'Approve';]]></search>
			<add position="after"><![CDATA[$_['button_export']                = 'Export';]]></add>
		</operation>
	</file>
  
    <!-- Controller -->  
    <file path="admin/controller/catalog/product.php">
		
    <operation>
			<search><![CDATA[$data['button_filter'] = $this->language->get('button_filter');]]></search>
            <add position="before"><![CDATA[$data['button_export'] = $this->language->get('button_export');
			$data['export'] = $this->url->link('catalog/product/export', 'token=' . $this->session->data['token'] .$url, 'SSL');
			]]></add>
		</operation>    
        	
        	<operation>
			<search><![CDATA[public function index() {]]></search>
            <add position="before"><![CDATA[
			public function export() {
			
			if (isset($this->request->get['filter_name'])) {
			$filter_name = $this->request->get['filter_name'];
		} else {
			$filter_name = null;
		}

		if (isset($this->request->get['filter_model'])) {
			$filter_model = $this->request->get['filter_model'];
		} else {
			$filter_model = null;
		}

		if (isset($this->request->get['filter_price'])) {
			$filter_price = $this->request->get['filter_price'];
		} else {
			$filter_price = null;
		}

		if (isset($this->request->get['filter_quantity'])) {
			$filter_quantity = $this->request->get['filter_quantity'];
		} else {
			$filter_quantity = null;
		}

		if (isset($this->request->get['filter_status'])) {
			$filter_status = $this->request->get['filter_status'];
		} else {
			$filter_status = null;
		}

		if (isset($this->request->get['sort'])) {
			$sort = $this->request->get['sort'];
		} else {
			$sort = 'pd.name';
		}

		if (isset($this->request->get['order'])) {
			$order = $this->request->get['order'];
		} else {
			$order = 'ASC';
		}

		if (isset($this->request->get['page'])) {
			$page = $this->request->get['page'];
		} else {
			$page = 1;
		}
		$data = array();
			
		$this->load->model('catalog/product');
		
		$data['products'] = array();

		$data = array(
			'filter_name'	  => $filter_name,
			'filter_model'	  => $filter_model,
			'filter_price'	  => $filter_price,
			'filter_quantity' => $filter_quantity,
			'filter_status'   => $filter_status,
			'sort'            => $sort,
			'order'           => $order,
			//'start'           => ($page - 1) * $this->config->get('config_limit_admin'),
			//'limit'           => $this->config->get('config_limit_admin')
		);
				
		$returns= array();


		$results = $this->model_catalog_product->getProducts($data);

		foreach ($results as $result) {
		
			$special = false;

			$product_specials = $this->model_catalog_product->getProductSpecials($result['product_id']);

			foreach ($product_specials  as $product_special) {
				if (($product_special['date_start'] == '0000-00-00' || $product_special['date_start'] < date('Y-m-d')) && ($product_special['date_end'] == '0000-00-00' || $product_special['date_end'] > date('Y-m-d'))) {
					$special = $product_special['price'];

					break;
				}					
			}

			$products[] = array(
				'product_id' => $result['product_id'],
				'name'       => $result['name'],
				'description' => $this->cleanString($result['description']),
				'model'      => $result['model'],
				'price'      => $result['price'],
				'special'    => $special,
				'quantity'   => $result['quantity'],
				'status'     => ($result['status'] ? $this->language->get('text_enabled') : $this->language->get('text_disabled'))
			);
				}	
						
						$products_data = array();
						
						$products_column=array();
						
						$products_column = array('Product ID', 'Product Name', 'Product Description', 'Model', 'Price', 'Special', 'Quantity', 'Status');
							
						$products_data[0]=   $products_column;   
						
						foreach($products as $products_row)
						{
							$products_data[]=   $products_row;            
						}     
						require_once(DIR_SYSTEM . 'library/excel_xml.php');
						$xls = new Excel_XML('UTF-8', false, 'Product List');
						
						$xls->addArray($products_data);
						
						$xls->generateXML('product_list_'.date('Y-m-d _ H:i:s'));	

					}
					public function cleanString($text) {
						// 1) convert á ô => a o
						$text = preg_replace("/[áàâãªä]/u","a",$text);
						$text = preg_replace("/[ÁÀÂÃÄ]/u","A",$text);
						$text = preg_replace("/[ÍÌÎÏ]/u","I",$text);
						$text = preg_replace("/[íìîï]/u","i",$text);
						$text = preg_replace("/[éèêë]/u","e",$text);
						$text = preg_replace("/[ÉÈÊË]/u","E",$text);
						$text = preg_replace("/[óòôõºö]/u","o",$text);
						$text = preg_replace("/[ÓÒÔÕÖ]/u","O",$text);
						$text = preg_replace("/[úùûü]/u","u",$text);
						$text = preg_replace("/[ÚÙÛÜ]/u","U",$text);
						$text = preg_replace("/[’‘‹›‚]/u","'",$text);
						$text = preg_replace("/[“”«»„]/u",'"',$text);
						$text = str_replace("–","-",$text);
						$text = str_replace(" "," ",$text);
						$text = str_replace("ç","c",$text);
						$text = str_replace("Ç","C",$text);
						$text = str_replace("ñ","n",$text);
						$text = str_replace("Ñ","N",$text);
					 
						//2) Translation CP1252. &ndash; => -
						$trans = get_html_translation_table(HTML_ENTITIES); 
						$trans[chr(130)] = '&sbquo;';    // Single Low-9 Quotation Mark 
						$trans[chr(131)] = '&fnof;';    // Latin Small Letter F With Hook 
						$trans[chr(132)] = '&bdquo;';    // Double Low-9 Quotation Mark 
						$trans[chr(133)] = '&hellip;';    // Horizontal Ellipsis 
						$trans[chr(134)] = '&dagger;';    // Dagger 
						$trans[chr(135)] = '&Dagger;';    // Double Dagger 
						$trans[chr(136)] = '&circ;';    // Modifier Letter Circumflex Accent 
						$trans[chr(137)] = '&permil;';    // Per Mille Sign 
						$trans[chr(138)] = '&Scaron;';    // Latin Capital Letter S With Caron 
						$trans[chr(139)] = '&lsaquo;';    // Single Left-Pointing Angle Quotation Mark 
						$trans[chr(140)] = '&OElig;';    // Latin Capital Ligature OE 
						$trans[chr(145)] = '&lsquo;';    // Left Single Quotation Mark 
						$trans[chr(146)] = '&rsquo;';    // Right Single Quotation Mark 
						$trans[chr(147)] = '&ldquo;';    // Left Double Quotation Mark 
						$trans[chr(148)] = '&rdquo;';    // Right Double Quotation Mark 
						$trans[chr(149)] = '&bull;';    // Bullet 
						$trans[chr(150)] = '&ndash;';    // En Dash 
						$trans[chr(151)] = '&mdash;';    // Em Dash 
						$trans[chr(152)] = '&tilde;';    // Small Tilde 
						$trans[chr(153)] = '&trade;';    // Trade Mark Sign 
						$trans[chr(154)] = '&scaron;';    // Latin Small Letter S With Caron 
						$trans[chr(155)] = '&rsaquo;';    // Single Right-Pointing Angle Quotation Mark 
						$trans[chr(156)] = '&oelig;';    // Latin Small Ligature OE 
						$trans[chr(159)] = '&Yuml;';    // Latin Capital Letter Y With Diaeresis 
						$trans['euro'] = '&euro;';    // euro currency symbol 
						ksort($trans); 
						 
						foreach ($trans as $k => $v) {
							$text = str_replace($v, $k, $text);
						}
					 
						// 3) remove <p>, <br/> ...
						$text = strip_tags($text); 
						 
						// 4) &amp; => & &quot; => '
						$text = html_entity_decode($text);
						 
						// 5) remove Windows-1252 symbols like "TradeMark", "Euro"...
						$text = preg_replace('/[^(\x20-\x7F)]*/','', $text); 
						 
						$targets=array('\r\n','\n','\r','\t');
						$results=array(" "," "," ","");
						$text = str_replace($targets,$results,$text);
					 
						//XML compatible
						/*
						$text = str_replace("&", "and", $text);
						$text = str_replace("<", ".", $text);
						$text = str_replace(">", ".", $text);
						$text = str_replace("\\", "-", $text);
						$text = str_replace("/", "-", $text);
						*/
						 
						return ($text);
					}
					]]></add>
		</operation>
	</file>
<!-- View -->

	<file path="admin/view/template/catalog/product_list.tpl">
		<operation>
			<search><![CDATA[<div class="pull-right"><a href="<?php echo $add; ?>" data-toggle="tooltip" title="<?php echo $button_add; ?>" class="btn btn-primary"><i class="fa fa-plus"></i></a>]]></search>
			<add position="replace"><![CDATA[<div class="pull-right"><a href="<?php echo $export; ?>" data-toggle="tooltip" title="<?php echo $button_export; ?>" class="btn btn-success"><i class="glyphicon glyphicon-export"></i></a> <a href="<?php echo $add; ?>" data-toggle="tooltip" title="<?php echo $button_add; ?>" class="btn btn-primary"><i class="fa fa-plus"></i></a>]]></add>
		</operation>
	</file>
	
	
<!-- Catalog -->  
    <!-- Controller --> 

    <file path="admin/controller/catalog/category.php">
		
    <operation>
			<search><![CDATA[$data['button_add'] = $this->language->get('button_add');]]></search>
            <add position="before"><![CDATA[$data['button_export'] = $this->language->get('button_export');
			$data['export'] = $this->url->link('catalog/category/export', 'token=' . $this->session->data['token'], 'SSL');]]></add>
		</operation>    
        	
        	<operation>
			<search><![CDATA[public function index() {]]></search>
            <add position="before"><![CDATA[public function export() {
			
				$this->load->model('catalog/category');
				
				$categories= array();
				
				$data =array();
		
				$results = $this->model_catalog_category->getCategories($data);

				foreach ($results as $result) {
		
					$categories[] = array(
						'category_id' => $result['category_id'],
						'name'        => $result['name'],
						'sort_order'  => $result['sort_order']
					);
				}	
						
						$categories_data = array();
						
						$categories_column=array();
						
						$categories_column = array('Category ID', 'Category Name', 'Sort Order');
							
						$categories_data[0]=   $categories_column;   
						
						foreach($categories as $categories_row)
						{
							$categories_data[]=   $categories_row;            
						}     
						require_once(DIR_SYSTEM . 'library/excel_xml.php');
						$xls = new Excel_XML('UTF-8', false, 'Category List');
						
						$xls->addArray($categories_data);
						
						$xls->generateXML('category_list_'.date('Y-m-d _ H:i:s'));	

					}]]></add>
		</operation>
	</file>
<!-- View -->

	<file path="admin/view/template/catalog/category_list.tpl">
		<operation>
			<search><![CDATA[<div class="pull-right"><a href="<?php echo $add; ?>" data-toggle="tooltip" title="<?php echo $button_add; ?>" class="btn btn-primary"><i class="fa fa-plus"></i></a> <a href="<?php echo $repair; ?>" data-toggle="tooltip" title="<?php echo $button_rebuild; ?>" class="btn btn-default"><i class="fa fa-refresh"></i></a>]]></search>
			<add position="replace"><![CDATA[<div class="pull-right"><a href="<?php echo $export; ?>" data-toggle="tooltip" title="<?php echo $button_export; ?>" class="btn btn-success"><i class="glyphicon glyphicon-export"></i></a> <a href="<?php echo $add; ?>" data-toggle="tooltip" title="<?php echo $button_add; ?>" class="btn btn-primary"><i class="fa fa-plus"></i></a> <a href="<?php echo $repair; ?>" data-toggle="tooltip" title="<?php echo $button_rebuild; ?>" class="btn btn-default"><i class="fa fa-refresh"></i></a>]]></add>
		</operation>
	</file>
	
    
<!-- Controller --> 
  
    <file path="admin/controller/sale/customer.php">
		<operation>
			<search><![CDATA[$data['add'] = $this->url->link('sale/customer/add', 'token=' . $this->session->data['token'] . $url, 'SSL');]]></search>
			<add position="before"><![CDATA[$data['export'] = $this->url->link('sale/customer/export', 'token=' . $this->session->data['token'] . $url, 'SSL');]]></add>
		</operation>
	
        	<operation>
			<search><![CDATA[$data['button_approve'] = $this->language->get('button_approve');]]></search>
            <add position="before"><![CDATA[$data['button_export'] = $this->language->get('button_export');]]></add>
		</operation>
        
        
        	<operation>
			<search><![CDATA[public function address() {]]></search>
            <add position="before"><![CDATA[ public function export($getarr='') {
        
       	if (isset($this->request->get['filter_name'])) {

			$filter_name = $this->request->get['filter_name'];

		} else {

			$filter_name = null;

		}



		if (isset($this->request->get['filter_email'])) {

			$filter_email = $this->request->get['filter_email'];

		} else {

			$filter_email = null;

		}

		

		if (isset($this->request->get['filter_customer_group_id'])) {

			$filter_customer_group_id = $this->request->get['filter_customer_group_id'];

		} else {

			$filter_customer_group_id = null;

		}



		if (isset($this->request->get['filter_status'])) {

			$filter_status = $this->request->get['filter_status'];

		} else {

			$filter_status = null;

		}

		

		if (isset($this->request->get['filter_approved'])) {

			$filter_approved = $this->request->get['filter_approved'];

		} else {

			$filter_approved = null;

		}

		

		if (isset($this->request->get['filter_ip'])) {

			$filter_ip = $this->request->get['filter_ip'];

		} else {

			$filter_ip = null;

		}

				

		if (isset($this->request->get['filter_date_added'])) {

			$filter_date_added = $this->request->get['filter_date_added'];

		} else {

			$filter_date_added = null;

		}		

		

		if (isset($this->request->get['sort'])) {

			$sort = $this->request->get['sort'];

		} else {

			$sort = 'name'; 

		}

		

		if (isset($this->request->get['order'])) {

			$order = $this->request->get['order'];

		} else {

			$order = 'ASC';

		}

		

		if (isset($this->request->get['page'])) {

			$page = $this->request->get['page'];

		} else {

			$page = 1;

		}
        
        	$data = array(

			'filter_name'              => $filter_name, 

			'filter_email'             => $filter_email, 

			'filter_customer_group_id' => $filter_customer_group_id, 

			'filter_status'            => $filter_status, 

			'filter_approved'          => $filter_approved, 

			'filter_date_added'        => $filter_date_added,

			'filter_ip'                => $filter_ip,

			'sort'                     => $sort,

			'order'                    => $order,

		);
        
        $customers = array();
        
        $customers_column=array();
        
        $this->load->model('sale/customer');
        
        $customers_column = array('Customer ID', 'Customer Name', 'Email', 'Telephone', 'Address', 'City', 'Post Code', 'Country', 'IP', 'Status', 'Approved', 'Date Added', 'Customer Group');
            
        $customers[0] = $customers_column;  
        
        $customers_list = $this->model_sale_customer->getCustomerstoexport($data);
        
        foreach($customers_list as $customer_row)
        {
            $customers[]=$customer_row;
        }
        require_once(DIR_SYSTEM . 'library/excel_xml.php');
        $xls = new Excel_XML('UTF-8', false, 'Customers List');
        $xls->addArray($customers);
        $xls->generateXML('customerlist_'.date('Y-m-d _ H:i:s'));
	}]]></add>
		</operation>
        
	</file>
    
<!-- Model -->

	<file path="admin/model/sale/customer.php">
		<operation>
			<search><![CDATA[public function getCustomers($data = array()) {]]></search>
			<add position="before"><![CDATA[public function getCustomerstoexport($data = array()) {
    	 
$sql = "SELECT c.customer_id, CONCAT(c.firstname, ' ', c.lastname) AS name, c.email, c.telephone, CONCAT(oca.address_1,oca.address_2) AS address, oca.city, oca.postcode, occ.name as Country, c.ip, IF( c.status = 1, 'Enabled', 'Disabled' ) AS status, IF( c.approved = 1, 'Yes', 'No' ) AS approved, c.date_added, cgd.name AS customer_group FROM " . DB_PREFIX . "customer c LEFT JOIN " . DB_PREFIX . "customer_group_description cgd ON (c.customer_group_id = cgd.customer_group_id) LEFT JOIN " . DB_PREFIX . "address oca ON (c.address_id=oca.address_id) LEFT JOIN " . DB_PREFIX . "country occ ON (oca.country_id=occ.country_id) WHERE cgd.language_id = '" . (int)$this->config->get('config_language_id') . "'";

		$implode = array();
		
		if (!empty($data['filter_name'])) {
			$implode[] = "CONCAT(c.firstname, ' ', c.lastname) LIKE '%" . $this->db->escape($data['filter_name']) . "%'";
		}
		
		if (!empty($data['filter_email'])) {
			$implode[] = "c.email LIKE '" . $this->db->escape($data['filter_email']) . "%'";
		}

		if (isset($data['filter_newsletter']) && !is_null($data['filter_newsletter'])) {
			$implode[] = "c.newsletter = '" . (int)$data['filter_newsletter'] . "'";
		}	
				
		if (!empty($data['filter_customer_group_id'])) {
			$implode[] = "c.customer_group_id = '" . (int)$data['filter_customer_group_id'] . "'";
		}	
			
		if (!empty($data['filter_ip'])) {
			$implode[] = "c.customer_id IN (SELECT customer_id FROM " . DB_PREFIX . "customer_ip WHERE ip = '" . $this->db->escape($data['filter_ip']) . "')";
		}	
				
		if (isset($data['filter_status']) && !is_null($data['filter_status'])) {
			$implode[] = "c.status = '" . (int)$data['filter_status'] . "'";
		}	
		
		if (isset($data['filter_approved']) && !is_null($data['filter_approved'])) {
			$implode[] = "c.approved = '" . (int)$data['filter_approved'] . "'";
		}	
				
		if (!empty($data['filter_date_added'])) {
			$implode[] = "DATE(c.date_added) = DATE('" . $this->db->escape($data['filter_date_added']) . "')";
		}
		
		if ($implode) {
			$sql .= " AND " . implode(" AND ", $implode);
		}
		
		$sort_data = array(
			'name',
			'c.email',
			'customer_group',
			'c.status',
			'c.approved',
			'c.ip',
			'c.date_added'
		);	
			
		if (isset($data['sort']) && in_array($data['sort'], $sort_data)) {
			$sql .= " ORDER BY " . $data['sort'];	
		} else {
			$sql .= " ORDER BY name";	
		}
			
		if (isset($data['order']) && ($data['order'] == 'DESC')) {
			$sql .= " DESC";
		} else {
			$sql .= " ASC";
		}
		
		if (isset($data['start']) || isset($data['limit'])) {
			if ($data['start'] < 0) {
				$data['start'] = 0;
			}			

			if ($data['limit'] < 1) {
				$data['limit'] = 20;
			}	
			
			$sql .= " LIMIT " . (int)$data['start'] . "," . (int)$data['limit'];
		}		

		$query = $this->db->query($sql);
        
		return $query->rows;	
	}]]></add>
		</operation>
	</file>

<!-- View -->

	<file path="admin/view/template/sale/customer_list.tpl">
		<operation>
			<search><![CDATA[<div class="pull-right"><a href="<?php echo $add; ?>" data-toggle="tooltip" title="<?php echo $button_add; ?>" class="btn btn-primary"><i class="fa fa-plus"></i></a>]]></search>
			<add position="replace"><![CDATA[<div class="pull-right"><a href="<?php echo $export; ?>" data-toggle="tooltip" title="<?php echo "Export"; ?>" class="btn btn-success"><i class="glyphicon glyphicon-export"></i></a> <a href="<?php echo $add; ?>" data-toggle="tooltip" title="<?php echo $button_add; ?>" class="btn btn-primary"><i class="fa fa-plus"></i></a>]]></add>
		</operation>
	</file>
	
	
	
	
    
    
<!-- Order list -->  
    <!-- Controller --> 
  
    <file path="admin/controller/sale/order.php">
		<operation>
			<search><![CDATA[$data['invoice'] = $this->url->link('sale/order/invoice', 'token=' . $this->session->data['token'], 'SSL');]]></search>
			<add position="before"><![CDATA[$data['export'] = $this->url->link('sale/order/export', 'token=' . $this->session->data['token'] . $url, 'SSL');]]></add>
		</operation>
        
        	<operation>
			<search><![CDATA[$data['button_invoice_print'] = $this->language->get('button_invoice_print');]]></search>
            <add position="before"><![CDATA[$data['button_export'] = $this->language->get('button_export');]]></add>
		</operation>
        
        
        	<operation>
			<search><![CDATA[protected function getList() {]]></search>
            <add position="before"><![CDATA[public function export() {
        
        	if (isset($this->request->get['filter_order_id'])) {

			$filter_order_id = $this->request->get['filter_order_id'];

		} else {

			$filter_order_id = null;

		}



		if (isset($this->request->get['filter_customer'])) {

			$filter_customer = $this->request->get['filter_customer'];

		} else {

			$filter_customer = null;

		}



		if (isset($this->request->get['filter_order_status'])) {

			$filter_order_status_id = $this->request->get['filter_order_status'];

		} else {

			$filter_order_status_id = null;

		}

		

		if (isset($this->request->get['filter_total'])) {

			$filter_total = $this->request->get['filter_total'];

		} else {

			$filter_total = null;

		}

		

		if (isset($this->request->get['filter_date_added'])) {

			$filter_date_added = $this->request->get['filter_date_added'];

		} else {

			$filter_date_added = null;

		}

		

		if (isset($this->request->get['filter_date_modified'])) {

			$filter_date_modified = $this->request->get['filter_date_modified'];

		} else {

			$filter_date_modified = null;

		}



		if (isset($this->request->get['sort'])) {

			$sort = $this->request->get['sort'];

		} else {

			$sort = 'o.order_id';

		}



		if (isset($this->request->get['order'])) {

			$order = $this->request->get['order'];

		} else {

			$order = 'DESC';

		}

		

		if (isset($this->request->get['page'])) {

			$page = $this->request->get['page'];

		} else {

			$page = 1;

		}
        
        

		$data = array(

			'filter_order_id'        => $filter_order_id,

			'filter_customer'	     => $filter_customer,

			'filter_order_status_id' => $filter_order_status_id,

			'filter_total'           => $filter_total,

			'filter_date_added'      => $filter_date_added,

			'filter_date_modified'   => $filter_date_modified,

			'sort'                   => $sort,

			'order'                  => $order,
		);
        
        
        $orders = array();
        
        $orders_column=array();
        
        $this->load->model('sale/order');
        
        $results = $this->model_sale_order->getOrdersexport($data); 
        
        $orders_list = array();
        
        	foreach ($results as $result) {

			$orders_list[] = array(
				'order_id'      => $result['order_id'],
				'customer_group'=> $result['customer_group'],
				'customer_name'      => $result['customer_name'],
				'email'=> $result['email'],
				'telephone'      => $result['telephone'],
				'payment_address'=> $result['payment_address'],
				'shipping_address'      => $result['shipping_address'],
				'payment_method'=> $result['payment_method'],
				'shipping_method'        => $result['shipping_method'],
				'total'         => $this->currency->format($result['total'], $result['currency_code'], $result['currency_value']),
				'currency_code'    => $result['currency_code'],
				'date_added'  =>  $result['date_added'],
				'order_status' => $result['order_status'],
				
			);
		}
        
        
        
       
        $orders_column = array('Order ID', 'Customer Group', 'Customer Name', 'Email', 'Telephone', 'Payment Address', 'Shipping Address', 'Payment Method', 'Shipping Method', 'Total', 'Currency Code', 'Date Added', 'Order Status');
            
        $orders[0]=   $orders_column;   
        
        foreach($orders_list as $orders_row)
        {
            $orders[]=   $orders_row;            
        }     
        require_once(DIR_SYSTEM . 'library/excel_xml.php');
        $xls = new Excel_XML('UTF-8', false, 'Orders List');
        
        $xls->addArray($orders);
        
        $xls->generateXML('orderslist_'.date('Y-m-d _ H:i:s'));	

	}]]></add>
		</operation>
        
	</file>
    
<!-- Model -->

	<file path="admin/model/sale/order.php">
		<operation>
			<search><![CDATA[public function getOrders($data = array()) {]]></search>
			<add position="before"><![CDATA[public function getOrdersexport($data = array()) {
 $sql = "SELECT o.order_id, cgd.name as customer_group, CONCAT(o.firstname, ' ', o.lastname) AS customer_name,
email, telephone, CONCAT(o.payment_firstname, ' ', o.payment_lastname,',',o.payment_address_1,',',o.payment_address_2,',',o.payment_city,'-',o.payment_postcode) AS payment_address,
CONCAT(o.shipping_firstname, ' ', o.shipping_lastname,',',o.shipping_address_1,',',o.shipping_address_2,',', o.shipping_city,'-',o.shipping_postcode) AS shipping_address,
 o.payment_method, o.shipping_method, o.total, o.currency_code,o.currency_value,
 o.date_added, oos.name as order_status
FROM `" . DB_PREFIX . "order` o
LEFT JOIN " . DB_PREFIX . "customer_group_description cgd ON (o.customer_group_id = cgd.customer_group_id)
LEFT JOIN " . DB_PREFIX . "order_status oos ON (o.order_status_id = oos.order_status_id) WHERE cgd.language_id = '" . (int)$this->config->get('config_language_id') . "'";




		if (isset($data['filter_order_status_id']) && !is_null($data['filter_order_status_id'])) {

			$sql .= " AND o.order_status_id = '" . (int)$data['filter_order_status_id'] . "'";

		} else {

			$sql .= " AND o.order_status_id > '0'";

		}



		if (!empty($data['filter_order_id'])) {

			$sql .= " AND o.order_id = '" . (int)$data['filter_order_id'] . "'";

		}



		if (!empty($data['filter_customer'])) {

			$sql .= " AND CONCAT(o.firstname, ' ', o.lastname) LIKE '%" . $this->db->escape($data['filter_customer']) . "%'";

		}



		if (!empty($data['filter_date_added'])) {

			$sql .= " AND DATE(o.date_added) = DATE('" . $this->db->escape($data['filter_date_added']) . "')";

		}

		

		if (!empty($data['filter_date_modified'])) {

			$sql .= " AND DATE(o.date_modified) = DATE('" . $this->db->escape($data['filter_date_modified']) . "')";

		}

		

		if (!empty($data['filter_total'])) {

			$sql .= " AND o.total = '" . (float)$data['filter_total'] . "'";

		}



		$sort_data = array(

			'o.order_id',

			'customer',

			'status',

			'o.date_added',

			'o.date_modified',

			'o.total'

		);



		if (isset($data['sort']) && in_array($data['sort'], $sort_data)) {

			$sql .= " ORDER BY " . $data['sort'];

		} else {

			$sql .= " ORDER BY o.order_id";

		}



		if (isset($data['order']) && ($data['order'] == 'DESC')) {

			$sql .= " DESC";

		} else {

			$sql .= " ASC";

		}



		if (isset($data['start']) || isset($data['limit'])) {

			if ($data['start'] < 0) {

				$data['start'] = 0;

			}



			if ($data['limit'] < 1) {

				$data['limit'] = 20;

			}



			$sql .= " LIMIT " . (int)$data['start'] . "," . (int)$data['limit'];

		}

		$query = $this->db->query($sql);



		return $query->rows;

	}]]></add>
		</operation>
	</file>

<!-- View -->

	<file path="admin/view/template/sale/order_list.tpl">
		<operation>
			<search><![CDATA[<button type="submit" id="button-shipping" form="form-order" formaction="<?php echo $shipping; ?>" data-toggle="tooltip" title="<?php echo $button_shipping_print; ?>" class="btn btn-info"><i class="fa fa-truck"></i></button>]]></search>
			<add position="before"><![CDATA[<a href="<?php echo $export; ?>" data-toggle="tooltip" title="<?php echo "Export"; ?>" class="btn btn-success"><i class="glyphicon glyphicon-export"></i></a>]]></add>
		</operation>
	</file>
	
	
	
		
		
<!-- Product Returns -->  
    <!-- Controller --> 
  
    <file path="admin/controller/sale/return.php">
		
    <operation>
			<search><![CDATA[$data['button_filter'] = $this->language->get('button_filter');]]></search>
            <add position="before"><![CDATA[$data['button_export'] = $this->language->get('button_export');
			$data['export'] = $this->url->link('sale/return/export', 'token=' . $this->session->data['token'] . $url, 'SSL');]]></add>
		</operation>    
        	
        	<operation>
			<search><![CDATA[public function index() { ]]></search>
            <add position="before"><![CDATA[public function export() {
				if (isset($this->request->get['filter_return_id'])) {
					$filter_return_id = $this->request->get['filter_return_id'];
				} else {
					$filter_return_id = null;
				}

				if (isset($this->request->get['filter_order_id'])) {
					$filter_order_id = $this->request->get['filter_order_id'];
				} else {
					$filter_order_id = null;
				}

				if (isset($this->request->get['filter_customer'])) {
					$filter_customer = $this->request->get['filter_customer'];
				} else {
					$filter_customer = null;
				}

				if (isset($this->request->get['filter_product'])) {
					$filter_product = $this->request->get['filter_product'];
				} else {
					$filter_product = null;
				}

				if (isset($this->request->get['filter_model'])) {
					$filter_model = $this->request->get['filter_model'];
				} else {
					$filter_model = null;
				}

				if (isset($this->request->get['filter_return_status_id'])) {
					$filter_return_status_id = $this->request->get['filter_return_status_id'];
				} else {
					$filter_return_status_id = null;
				}

				if (isset($this->request->get['filter_date_added'])) {
					$filter_date_added = $this->request->get['filter_date_added'];
				} else {
					$filter_date_added = null;
				}

				if (isset($this->request->get['filter_date_modified'])) {
					$filter_date_modified = $this->request->get['filter_date_modified'];
				} else {
					$filter_date_modified = null;
				}	

				if (isset($this->request->get['sort'])) {
					$sort = $this->request->get['sort'];
				} else {
					$sort = 'r.return_id'; 
				}

				if (isset($this->request->get['order'])) {
					$order = $this->request->get['order'];
				} else {
					$order = 'DESC';
				}

				if (isset($this->request->get['page'])) {
					$page = $this->request->get['page'];
				} else {
					$page = 1;
				}
				
				
				$this->load->model('sale/return');

				
				$returns= array();

				$data = array(
					'filter_return_id'        => $filter_return_id, 
					'filter_order_id'         => $filter_order_id, 
					'filter_customer'         => $filter_customer, 
					'filter_product'          => $filter_product, 
					'filter_model'            => $filter_model, 
					'filter_return_status_id' => $filter_return_status_id, 
					'filter_date_added'       => $filter_date_added,
					'filter_date_modified'    => $filter_date_modified,
					'sort'                    => $sort,
					'order'                   => $order,
				//	'start'                   => ($page - 1) * $this->config->get('config_admin_limit'),
				//	'limit'                   => $this->config->get('config_admin_limit')
				);

				$results = $this->model_sale_return->getReturns($data);

				foreach ($results as $result) {
					$returns[] = array(
						'return_id'     => $result['return_id'],
						'order_id'      => $result['order_id'],
						'customer'      => $result['customer'],
						'product'       => $result['product'],
						'model'         => $result['model'],
						'status'        => $result['status'],
						'date_added'    => date($this->language->get('date_format_short'), strtotime($result['date_added'])),	
						'date_modified' => date($this->language->get('date_format_short'), strtotime($result['date_modified'])),				
						'selected'      => isset($this->request->post['selected']) && in_array($result['return_id'], $this->request->post['selected'])
					);
				}	
						
						$returns_data = array();
						
						$returns_column=array();
						
						$returns_column = array('Return ID', 'Order ID', 'Customer', 'Product', 'Model', 'Date Added', 'Date Modified');
							
						$returns_data[0]=   $returns_column;   
						
						foreach($returns as $returns_row)
						{
							$returns_data[]=   $returns_row;            
						}     
						require_once(DIR_SYSTEM . 'library/excel_xml.php');
						$xls = new Excel_XML('UTF-8', false, 'Product Returns List');
						
						$xls->addArray($returns_data);
						
						$xls->generateXML('product_returns_list_'.date('Y-m-d _ H:i:s'));	

					}]]></add>
		</operation>
	</file>
<!-- View -->

	<file path="admin/view/template/sale/return_list.tpl">
		<operation>
			<search><![CDATA[<div class="pull-right"><a href="<?php echo $add; ?>" data-toggle="tooltip" title="<?php echo $button_add; ?>" class="btn btn-primary"><i class="fa fa-plus"></i></a>]]></search>
			<add position="replace"><![CDATA[<div class="pull-right"><a href="<?php echo $export; ?>" data-toggle="tooltip" title="<?php echo $button_export; ?>" class="btn btn-success"><i class="glyphicon glyphicon-export"></i></a> <a href="<?php echo $add; ?>" data-toggle="tooltip" title="<?php echo $button_add; ?>" class="btn btn-primary"><i class="fa fa-plus"></i></a>]]></add>
		</operation>
	</file>
	
	
	
	<!-- Affliate List -->  
    <!-- Controller --> 
  
    <file path="admin/controller/marketing/affiliate.php">
		
    <operation>
			<search><![CDATA[$data['button_filter'] = $this->language->get('button_filter');]]></search>
            <add position="before"><![CDATA[$data['button_export'] = $this->language->get('button_export');
			$data['export'] = $this->url->link('marketing/affiliate/export', 'token=' . $this->session->data['token'] . $url, 'SSL');]]></add>
		</operation>    
        	
        	<operation>
			<search><![CDATA[protected function getList() {]]></search>
            <add position="before"><![CDATA[public function export() {
		if (isset($this->request->get['filter_name'])) {
			$filter_name = $this->request->get['filter_name'];
		} else {
			$filter_name = null;
		}

		if (isset($this->request->get['filter_email'])) {
			$filter_email = $this->request->get['filter_email'];
		} else {
			$filter_email = null;
		}

		if (isset($this->request->get['filter_status'])) {
			$filter_status = $this->request->get['filter_status'];
		} else {
			$filter_status = null;
		}

		if (isset($this->request->get['filter_approved'])) {
			$filter_approved = $this->request->get['filter_approved'];
		} else {
			$filter_approved = null;
		}

		if (isset($this->request->get['filter_date_added'])) {
			$filter_date_added = $this->request->get['filter_date_added'];
		} else {
			$filter_date_added = null;
		}	

		if (isset($this->request->get['sort'])) {
			$sort = $this->request->get['sort'];
		} else {
			$sort = 'name'; 
		}

		if (isset($this->request->get['order'])) {
			$order = $this->request->get['order'];
		} else {
			$order = 'ASC';
		}

		if (isset($this->request->get['page'])) {
			$page = $this->request->get['page'];
		} else {
			$page = 1;
		}
		
		$data = array(
			'filter_name'       => $filter_name, 
			'filter_email'      => $filter_email, 
			'filter_status'     => $filter_status, 
			'filter_approved'   => $filter_approved, 
			'filter_date_added' => $filter_date_added,
			'sort'              => $sort,
			'order'             => $order,
		//	'start'             => ($page - 1) * $this->config->get('config_admin_limit'),
		//	'limit'             => $this->config->get('config_admin_limit')
		);
		
		$this->load->model('marketing/affiliate');
		
		$results = $this->model_marketing_affiliate->getAffiliates($data);
		
		$affiliates = array();
		
		foreach ($results as $result) {
			$affiliates[] = array(
				'affiliate_id' => $result['affiliate_id'],
				'name'         => $result['name'],
				'email'        => $result['email'],
				'balance'      => $this->currency->format($result['balance'], $this->config->get('config_currency')),
				'status'       => ($result['status'] ? $this->language->get('text_enabled') : $this->language->get('text_disabled')),
				'approved'     => ($result['approved'] ? $this->language->get('text_yes') : $this->language->get('text_no')),
				'date_added'   => date($this->language->get('date_format_short'), strtotime($result['date_added'])),
				'selected'     => isset($this->request->post['selected']) && in_array($result['affiliate_id'], $this->request->post['selected'])
			);
		}	
				
				$affiliates_data = array();
				
				$affiliates_column=array();
				
				$affiliates_column = array('Affliate ID', 'Affliate Name', 'Email', 'Balance', 'Status', 'Approved', 'Date Added');
					
				$affiliates_data[0]=   $affiliates_column;   
				
				foreach($affiliates as $affiliates_row)
				{
					$affiliates_data[]=   $affiliates_row;            
				}     
				require_once(DIR_SYSTEM . 'library/excel_xml.php');
				$xls = new Excel_XML('UTF-8', false, 'Affliates List');
				
				$xls->addArray($affiliates_data);
				
				$xls->generateXML('affliate_list_'.date('Y-m-d _ H:i:s'));	

			}]]></add>
		</operation>
	</file>
<!-- View -->

	<file path="admin/view/template/marketing/affiliate_list.tpl">
		<operation>
			<search><![CDATA[<div class="pull-right"><a href="<?php echo $add; ?>" data-toggle="tooltip" title="<?php echo $button_add; ?>" class="btn btn-primary"><i class="fa fa-plus"></i></a>]]></search>
			<add position="replace"><![CDATA[<div class="pull-right"><a href="<?php echo $export; ?>" data-toggle="tooltip" title="<?php echo $button_export; ?>" class="btn btn-success"><i class="glyphicon glyphicon-export"></i></a> <a href="<?php echo $add; ?>" data-toggle="tooltip" title="<?php echo $button_add; ?>" class="btn btn-primary"><i class="fa fa-plus"></i></a>]]></add>
		</operation>
	</file>
	
	
	   
<!-- Coupon List -->  
    <!-- Controller --> 
  
    <file path="admin/controller/marketing/coupon.php">
		
    <operation>
			<search><![CDATA[$data['button_add'] = $this->language->get('button_add');]]></search>
            <add position="before"><![CDATA[$data['button_export'] = $this->language->get('button_export');
			$data['export'] = $this->url->link('marketing/coupon/export', 'token=' . $this->session->data['token'] . $url, 'SSL');]]></add>
		</operation>    
        	
        	<operation>
			<search><![CDATA[protected function getList() {]]></search>
            <add position="before"><![CDATA[public function export() {
		if (isset($this->request->get['sort'])) {
			$sort = $this->request->get['sort'];
		} else {
			$sort = 'name';
		}

		if (isset($this->request->get['order'])) {
			$order = $this->request->get['order'];
		} else {
			$order = 'ASC';
		}

		if (isset($this->request->get['page'])) {
			$page = $this->request->get['page'];
		} else {
			$page = 1;
		}

		$data['coupons'] = array();

		$data = array(
			'sort'  => $sort,
			'order' => $order,
		//	'start' => ($page - 1) * $this->config->get('config_admin_limit'),
		//	'limit' => $this->config->get('config_admin_limit')
		);
		
		
		$this->load->model('marketing/coupon');
				
		$coupon_total = $this->model_marketing_coupon->getTotalCoupons();

		$results = $this->model_marketing_coupon->getCoupons($data);

		
		$coupons = array();
		
		foreach ($results as $result) {
			$coupons[] = array(
				'coupon_id'  => $result['coupon_id'],
				'name'       => $result['name'],
				'code'       => $result['code'],
				'discount'   => $result['discount'],
				'date_start' => date($this->language->get('date_format_short'), strtotime($result['date_start'])),
				'date_end'   => date($this->language->get('date_format_short'), strtotime($result['date_end'])),
				'status'     => ($result['status'] ? $this->language->get('text_enabled') : $this->language->get('text_disabled'))
			);
		}	
				
				$coupons_data = array();
				
				$coupons_column=array();
				
				$coupons_column = array('Coupon ID', 'Coupon Name', 'Coupon Code', 'Discount', 'Start Date', 'End Date', 'Status');
					
				$coupons_data[0]=   $coupons_column;   
				
				foreach($coupons as $coupons_row)
				{
					$coupons_data[]=   $coupons_row;            
				}     
				require_once(DIR_SYSTEM . 'library/excel_xml.php');
				$xls = new Excel_XML('UTF-8', false, 'Coupons List');
				
				$xls->addArray($coupons_data);
				
				$xls->generateXML('coupons_list_'.date('Y-m-d _ H:i:s'));	

			}]]></add>
		</operation>
	</file>
<!-- View -->

	<file path="admin/view/template/marketing/coupon_list.tpl">
		<operation>
			<search><![CDATA[<div class="pull-right"><a href="<?php echo $add; ?>" data-toggle="tooltip" title="<?php echo $button_add; ?>" class="btn btn-primary"><i class="fa fa-plus"></i></a>]]></search>
			<add position="replace"><![CDATA[<div class="pull-right"><a href="<?php echo $export; ?>" data-toggle="tooltip" title="<?php echo $button_export; ?>" class="btn btn-success"><i class="glyphicon glyphicon-export"></i></a> <a href="<?php echo $add; ?>" data-toggle="tooltip" title="<?php echo $button_add; ?>" class="btn btn-primary"><i class="fa fa-plus"></i></a>]]></add>
		</operation>
	</file>
	
	
	    	
<!-- Gift Voucher List -->  
    <!-- Controller --> 
  
    <file path="admin/controller/sale/voucher.php">
		
    <operation>
			<search><![CDATA[$data['button_add'] = $this->language->get('button_add');]]></search>
            <add position="before"><![CDATA[$data['button_export'] = $this->language->get('button_export');
			$data['export'] = $this->url->link('sale/voucher/export', 'token=' . $this->session->data['token'] . $url, 'SSL');]]></add>
		</operation>    
        	
        	<operation>
			<search><![CDATA[protected function getList() {]]></search>
            <add position="before"><![CDATA[public function export() {
		if (isset($this->request->get['sort'])) {
			$sort = $this->request->get['sort'];
		} else {
			$sort = 'v.date_added';
		}

		if (isset($this->request->get['order'])) {
			$order = $this->request->get['order'];
		} else {
			$order = 'DESC';
		}

		if (isset($this->request->get['page'])) {
			$page = $this->request->get['page'];
		} else {
			$page = 1;
		}

		$data = array(
			'sort'  => $sort,
			'order' => $order,
		//	'start' => ($page - 1) * $this->config->get('config_admin_limit'),
		//	'limit' => $this->config->get('config_admin_limit')
		);

		$this->load->model('sale/voucher');
		
		$results = $this->model_sale_voucher->getVouchers($data);
		
		$vouchers = array();
		
		foreach ($results as $result) {
			$vouchers[] = array(
				'voucher_id' => $result['voucher_id'],
				'code'       => $result['code'],
				'from'       => $result['from_name'],
				'to'         => $result['to_name'],
				'theme'      => $result['theme'],
				'amount'     => $this->currency->format($result['amount'], $this->config->get('config_currency')),
				'status'     => ($result['status'] ? $this->language->get('text_enabled') : $this->language->get('text_disabled')),
				'date_added' => date($this->language->get('date_format_short'), strtotime($result['date_added']))
			);
		}	
				
				$vouchers_data = array();
				
				$vouchers_column=array();
				
				$vouchers_column = array('Voucher ID', 'Voucher Code', 'From', 'To', 'Theme', 'Amount', 'Status', 'Date Added');
					
				$vouchers_data[0]=   $vouchers_column;   
				
				foreach($vouchers as $vouchers_row)
				{
					$vouchers_data[]=   $vouchers_row;            
				}     
				require_once(DIR_SYSTEM . 'library/excel_xml.php');
				$xls = new Excel_XML('UTF-8', false, 'Vouchers List');
				
				$xls->addArray($vouchers_data);
				
				$xls->generateXML('vouchers_list_'.date('Y-m-d _ H:i:s'));	

			}]]></add>
		</operation>
	</file>
<!-- View -->

	<file path="admin/view/template/sale/voucher_list.tpl">
		<operation>
			<search><![CDATA[<button type="button" id="button-send" data-toggle="tooltip" title="<?php echo $button_send; ?>" class="btn btn-primary"><i class="fa fa-envelope"></i></button>]]></search>
			<add position="before"><![CDATA[<a href="<?php echo $export; ?>" data-toggle="tooltip" title="<?php echo $button_export; ?>" class="btn btn-success"><i class="glyphicon glyphicon-export"></i></a>]]></add>
		</operation>
	</file>
	

	
	
	
	
</modification>