<modification>
    <name>Image Flip With Popup</name>
    <code>Image Flip With Popup</code>
    <version>1.0</version>
    <author>IRSSOFT</author>
    <link>www.irssoft.com</link>
    <!--Featured page-->
    <file path="catalog/controller/module/featured.php">
            <operation>
                <search><![CDATA['href'        => $this->url->link('product/product', 'product_id=' . $product_info['product_id'])]]></search>
                <add position="before"><![CDATA['popuplink'        => $this->url->link('product/product/popup', 'product_id=' . $product_info['product_id']),]]></add>
            </operation>
        </file>

        <file path="catalog/view/theme/*/template/module/featured.tpl">
            <operation>
                <search><![CDATA[<div class="image"><a href="<?php echo $product['href']; ?>"><img src="<?php echo $product['thumb']; ?>" alt="<?php echo $product['name']; ?>" title="<?php echo $product['name']; ?>" class="img-responsive" /></a></div>]]></search>
                <add position="replace"><![CDATA[
             <div class="item">
            <div class="col-item">
                <div class="product-wrapper">

                    <div class="thumb-wrapper">
                        <a class="blue test thumb flip" href="<?php //echo $product['href']; ?>" class="btn btn-default" href="#" data-featherlight="#<?php echo $product['product_id'];?>" >
                            <span class="face"><div class="image"><img style="width:80%;" src="<?php echo $product['thumb']; ?>" alt="<?php echo $product['name']; ?>"></div></span>
                                                        <span class="face back"><div class="image"><img style="width:80%;" src="<?php echo $product['thumb']; ?>" alt="<?php echo $product['name']; ?>" title="<?php echo $product['name']; ?>" href="<?php echo $product['href']; ?>"></div>
                                                            <span class="quick-view" data-product_id=""><span><i>&nbsp;</i>Quick View</span></span></span></a>
                    </div>
                </div>
            </div>
        </div>

        <div style="display:none" > <iframe  width="100%" height="100%" id="<?php echo $product['product_id']; ?>" src="<?php echo $product['popuplink']; ?>" frameborder="0" class="popup-class" style="border:none;" webkitallowfullscreen mozallowfullscreen allowfullscreen></iframe></div>
]]></add>
            </operation>
        </file>

        <!--PRODUCT FILE-->
        <file path="catalog/controller/product/product.php">
            <operation>
                <search><![CDATA[private $error = array();]]></search>
                <add position="after"><![CDATA[
            public function popup(){
        $this->load->language('product/product');

        $data['breadcrumbs'] = array();

        $this->load->model('catalog/category');

        if (isset($this->request->get['path'])) {
            $path = '';

            $parts = explode('_', (string)$this->request->get['path']);

            $category_id = (int)array_pop($parts);

            foreach ($parts as $path_id) {
                if (!$path) {
                    $path = $path_id;
                } else {
                    $path .= '_' . $path_id;
                }

                $category_info = $this->model_catalog_category->getCategory($path_id);

                if ($category_info) {
                    $data['breadcrumbs'][] = array(
                        'text' => $category_info['name'],
                        'href' => $this->url->link('product/category', 'path=' . $path)
                    );
                }
            }

            // Set the last category breadcrumb
            $category_info = $this->model_catalog_category->getCategory($category_id);

            if ($category_info) {
                $url = '';

                if (isset($this->request->get['sort'])) {
                    $url .= '&sort=' . $this->request->get['sort'];
                }

                if (isset($this->request->get['order'])) {
                    $url .= '&order=' . $this->request->get['order'];
                }

                if (isset($this->request->get['page'])) {
                    $url .= '&page=' . $this->request->get['page'];
                }

                if (isset($this->request->get['limit'])) {
                    $url .= '&limit=' . $this->request->get['limit'];
                }

                $data['breadcrumbs'][] = array(
                    'text' => $category_info['name'],
                    'href' => $this->url->link('product/category', 'path=' . $this->request->get['path'] . $url)
                );
            }
        }

        $this->load->model('catalog/manufacturer');

        if (isset($this->request->get['manufacturer_id'])) {
            $data['breadcrumbs'][] = array(
                'text' => $this->language->get('text_brand'),
                'href' => $this->url->link('product/manufacturer')
            );

            $url = '';

            if (isset($this->request->get['sort'])) {
                $url .= '&sort=' . $this->request->get['sort'];
            }

            if (isset($this->request->get['order'])) {
                $url .= '&order=' . $this->request->get['order'];
            }

            if (isset($this->request->get['page'])) {
                $url .= '&page=' . $this->request->get['page'];
            }

            if (isset($this->request->get['limit'])) {
                $url .= '&limit=' . $this->request->get['limit'];
            }

            $manufacturer_info = $this->model_catalog_manufacturer->getManufacturer($this->request->get['manufacturer_id']);

            if ($manufacturer_info) {
                $data['breadcrumbs'][] = array(
                    'text' => $manufacturer_info['name'],
                    'href' => $this->url->link('product/manufacturer/info', 'manufacturer_id=' . $this->request->get['manufacturer_id'] . $url)
                );
            }
        }

        if (isset($this->request->get['search']) || isset($this->request->get['tag'])) {
            $url = '';

            if (isset($this->request->get['search'])) {
                $url .= '&search=' . $this->request->get['search'];
            }

            if (isset($this->request->get['tag'])) {
                $url .= '&tag=' . $this->request->get['tag'];
            }

            if (isset($this->request->get['description'])) {
                $url .= '&description=' . $this->request->get['description'];
            }

            if (isset($this->request->get['category_id'])) {
                $url .= '&category_id=' . $this->request->get['category_id'];
            }

            if (isset($this->request->get['sub_category'])) {
                $url .= '&sub_category=' . $this->request->get['sub_category'];
            }

            if (isset($this->request->get['sort'])) {
                $url .= '&sort=' . $this->request->get['sort'];
            }

            if (isset($this->request->get['order'])) {
                $url .= '&order=' . $this->request->get['order'];
            }

            if (isset($this->request->get['page'])) {
                $url .= '&page=' . $this->request->get['page'];
            }

            if (isset($this->request->get['limit'])) {
                $url .= '&limit=' . $this->request->get['limit'];
            }

            $data['breadcrumbs'][] = array(
                'text' => $this->language->get('text_search'),
                'href' => $this->url->link('product/search', $url)
            );
        }

        if (isset($this->request->get['product_id'])) {
            $product_id = (int)$this->request->get['product_id'];
        } else {
            $product_id = 0;
        }

        $this->load->model('catalog/product');

        $product_info = $this->model_catalog_product->getProduct($product_id);

        if ($product_info) {
            $url = '';

            $data['breadcrumbs'][] = array(
                'text' => $product_info['name'],
                'href' => $this->url->link('product/product', $url . '&product_id=' . $this->request->get['product_id'])
            );

            $this->document->setTitle($product_info['meta_title']);
            $this->document->setDescription($product_info['meta_description']);
            $this->document->setKeywords($product_info['meta_keyword']);
            $this->document->addLink($this->url->link('product/product', 'product_id=' . $this->request->get['product_id']), 'canonical');
            $this->document->addScript('catalog/view/javascript/jquery/magnific/jquery.magnific-popup.min.js');
            $this->document->addStyle('catalog/view/javascript/jquery/magnific/magnific-popup.css');
            $this->document->addScript('catalog/view/javascript/jquery/datetimepicker/moment.js');
            $this->document->addScript('catalog/view/javascript/jquery/datetimepicker/bootstrap-datetimepicker.min.js');
            $this->document->addStyle('catalog/view/javascript/jquery/datetimepicker/bootstrap-datetimepicker.min.css');

            $data['heading_title'] = $product_info['name'];

            $data['text_select'] = $this->language->get('text_select');
            $data['text_manufacturer'] = $this->language->get('text_manufacturer');
            $data['text_model'] = $this->language->get('text_model');
            $data['text_reward'] = $this->language->get('text_reward');
            $data['text_points'] = $this->language->get('text_points');
            $data['text_stock'] = $this->language->get('text_stock');
            $data['text_discount'] = $this->language->get('text_discount');
            $data['text_tax'] = $this->language->get('text_tax');
            $data['text_option'] = $this->language->get('text_option');
            $data['text_minimum'] = sprintf($this->language->get('text_minimum'), $product_info['minimum']);
            $data['text_write'] = $this->language->get('text_write');
            $data['text_login'] = sprintf($this->language->get('text_login'), $this->url->link('account/login', '', 'SSL'), $this->url->link('account/register', '', 'SSL'));
            $data['text_note'] = $this->language->get('text_note');
            $data['text_tags'] = $this->language->get('text_tags');
            $data['text_related'] = $this->language->get('text_related');
            $data['text_loading'] = $this->language->get('text_loading');

            $data['entry_qty'] = $this->language->get('entry_qty');
            $data['entry_name'] = $this->language->get('entry_name');
            $data['entry_review'] = $this->language->get('entry_review');
            $data['entry_rating'] = $this->language->get('entry_rating');
            $data['entry_good'] = $this->language->get('entry_good');
            $data['entry_bad'] = $this->language->get('entry_bad');
            $data['entry_captcha'] = $this->language->get('entry_captcha');

            $data['button_cart'] = $this->language->get('button_cart');
            $data['button_wishlist'] = $this->language->get('button_wishlist');
            $data['button_compare'] = $this->language->get('button_compare');
            $data['button_upload'] = $this->language->get('button_upload');
            $data['button_continue'] = $this->language->get('button_continue');

            $this->load->model('catalog/review');

            $data['tab_description'] = $this->language->get('tab_description');
            $data['tab_attribute'] = $this->language->get('tab_attribute');
            $data['tab_review'] = sprintf($this->language->get('tab_review'), $product_info['reviews']);

            $data['product_id'] = (int)$this->request->get['product_id'];
            $data['manufacturer'] = $product_info['manufacturer'];
            $data['manufacturers'] = $this->url->link('product/manufacturer/info', 'manufacturer_id=' . $product_info['manufacturer_id']);
            $data['model'] = $product_info['model'];
            $data['reward'] = $product_info['reward'];
            $data['points'] = $product_info['points'];

            if ($product_info['quantity'] <= 0) {
                $data['stock'] = $product_info['stock_status'];
            } elseif ($this->config->get('config_stock_display')) {
                $data['stock'] = $product_info['quantity'];
            } else {
                $data['stock'] = $this->language->get('text_instock');
            }

            $this->load->model('tool/image');

            if ($product_info['image']) {
                $data['popup'] = $this->model_tool_image->resize($product_info['image'], $this->config->get('config_image_popup_width'), $this->config->get('config_image_popup_height'));
            } else {
                $data['popup'] = '';
            }

            if ($product_info['image']) {
                $data['thumb'] = $this->model_tool_image->resize($product_info['image'], $this->config->get('config_image_thumb_width'), $this->config->get('config_image_thumb_height'));
            } else {
                $data['thumb'] = '';
            }

            $data['images'] = array();

            $results = $this->model_catalog_product->getProductImages($this->request->get['product_id']);

            foreach ($results as $result) {
                $data['images'][] = array(
                    'popup' => $this->model_tool_image->resize($result['image'], $this->config->get('config_image_popup_width'), $this->config->get('config_image_popup_height')),
                    'thumb' => $this->model_tool_image->resize($result['image'], $this->config->get('config_image_additional_width'), $this->config->get('config_image_additional_height'))
                );
            }

            if (($this->config->get('config_customer_price') && $this->customer->isLogged()) || !$this->config->get('config_customer_price')) {
                $data['price'] = $this->currency->format($this->tax->calculate($product_info['price'], $product_info['tax_class_id'], $this->config->get('config_tax')));
            } else {
                $data['price'] = false;
            }

            if ((float)$product_info['special']) {
                $data['special'] = $this->currency->format($this->tax->calculate($product_info['special'], $product_info['tax_class_id'], $this->config->get('config_tax')));
            } else {
                $data['special'] = false;
            }

            if ($this->config->get('config_tax')) {
                $data['tax'] = $this->currency->format((float)$product_info['special'] ? $product_info['special'] : $product_info['price']);
            } else {
                $data['tax'] = false;
            }

            $discounts = $this->model_catalog_product->getProductDiscounts($this->request->get['product_id']);

            $data['discounts'] = array();

            foreach ($discounts as $discount) {
                $data['discounts'][] = array(
                    'quantity' => $discount['quantity'],
                    'price'    => $this->currency->format($this->tax->calculate($discount['price'], $product_info['tax_class_id'], $this->config->get('config_tax')))
                );
            }

            $data['options'] = array();

            foreach ($this->model_catalog_product->getProductOptions($this->request->get['product_id']) as $option) {
                $product_option_value_data = array();

                foreach ($option['product_option_value'] as $option_value) {
                    if (!$option_value['subtract'] || ($option_value['quantity'] > 0)) {
                        if ((($this->config->get('config_customer_price') && $this->customer->isLogged()) || !$this->config->get('config_customer_price')) && (float)$option_value['price']) {
                            $price = $this->currency->format($this->tax->calculate($option_value['price'], $product_info['tax_class_id'], $this->config->get('config_tax') ? 'P' : false));
                        } else {
                            $price = false;
                        }

                        $product_option_value_data[] = array(
                            'product_option_value_id' => $option_value['product_option_value_id'],
                            'option_value_id'         => $option_value['option_value_id'],
                            'name'                    => $option_value['name'],
                            'image'                   => $this->model_tool_image->resize($option_value['image'], 50, 50),
                            'price'                   => $price,
                            'price_prefix'            => $option_value['price_prefix']
                        );
                    }
                }

                $data['options'][] = array(
                    'product_option_id'    => $option['product_option_id'],
                    'product_option_value' => $product_option_value_data,
                    'option_id'            => $option['option_id'],
                    'name'                 => $option['name'],
                    'type'                 => $option['type'],
                    'value'                => $option['value'],
                    'required'             => $option['required']
                );
            }

            if ($product_info['minimum']) {
                $data['minimum'] = $product_info['minimum'];
            } else {
                $data['minimum'] = 1;
            }

            $data['review_status'] = $this->config->get('config_review_status');

            if ($this->config->get('config_review_guest') || $this->customer->isLogged()) {
                $data['review_guest'] = true;
            } else {
                $data['review_guest'] = false;
            }

            if ($this->customer->isLogged()) {
                $data['customer_name'] = $this->customer->getFirstName() . '&nbsp;' . $this->customer->getLastName();
            } else {
                $data['customer_name'] = '';
            }

            $data['reviews'] = sprintf($this->language->get('text_reviews'), (int)$product_info['reviews']);
            $data['rating'] = (int)$product_info['rating'];
            $data['description'] = html_entity_decode($product_info['description'], ENT_QUOTES, 'UTF-8');
            $data['attribute_groups'] = $this->model_catalog_product->getProductAttributes($this->request->get['product_id']);

            $data['products'] = array();

            $results = $this->model_catalog_product->getProductRelated($this->request->get['product_id']);

            foreach ($results as $result) {
                if ($result['image']) {
                    $image = $this->model_tool_image->resize($result['image'], $this->config->get('config_image_related_width'), $this->config->get('config_image_related_height'));
                } else {
                    $image = $this->model_tool_image->resize('placeholder.png', $this->config->get('config_image_related_width'), $this->config->get('config_image_related_height'));
                }

                if (($this->config->get('config_customer_price') && $this->customer->isLogged()) || !$this->config->get('config_customer_price')) {
                    $price = $this->currency->format($this->tax->calculate($result['price'], $result['tax_class_id'], $this->config->get('config_tax')));
                } else {
                    $price = false;
                }

                if ((float)$result['special']) {
                    $special = $this->currency->format($this->tax->calculate($result['special'], $result['tax_class_id'], $this->config->get('config_tax')));
                } else {
                    $special = false;
                }

                if ($this->config->get('config_tax')) {
                    $tax = $this->currency->format((float)$result['special'] ? $result['special'] : $result['price']);
                } else {
                    $tax = false;
                }

                if ($this->config->get('config_review_status')) {
                    $rating = (int)$result['rating'];
                } else {
                    $rating = false;
                }

                $data['products'][] = array(
                    'product_id'  => $result['product_id'],
                    'thumb'       => $image,
                    'name'        => $result['name'],
                    'description' => utf8_substr(strip_tags(html_entity_decode($result['description'], ENT_QUOTES, 'UTF-8')), 0, $this->config->get('config_product_description_length')) . '..',
                    'price'       => $price,
                    'special'     => $special,
                    'tax'         => $tax,
                    'popuplink'        => $this->url->link('product/product/popup', 'product_id=' . $result['product_id']),
                    'href'        => $this->url->link('product/product', 'product_id=' . $result['product_id']),
                    'rating'      => $rating,
                    'minimum'     => $result['minimum'] > 0 ? $result['minimum'] : 1
                );
            }

            $data['tags'] = array();

            if ($product_info['tag']) {
                $tags = explode(',', $product_info['tag']);

                foreach ($tags as $tag) {
                    $data['tags'][] = array(
                        'tag'  => trim($tag),
                        'href' => $this->url->link('product/search', 'tag=' . trim($tag))
                    );
                }
            }

            $data['text_payment_recurring'] = $this->language->get('text_payment_recurring');
            $data['recurrings'] = $this->model_catalog_product->getProfiles($this->request->get['product_id']);

            $this->model_catalog_product->updateViewed($this->request->get['product_id']);

            $data['column_left'] = $this->load->controller('common/column_left');
            $data['column_right'] = $this->load->controller('common/column_right');
            $data['content_top'] = $this->load->controller('common/content_top');
            $data['content_bottom'] = $this->load->controller('common/content_bottom');
            $data['footer'] = $this->load->controller('common/footer');
            //$data['header'] = $this->load->controller('common/header');
            $data['popupheader'] = $this->load->controller('common/popupheader');

            if (file_exists(DIR_TEMPLATE . $this->config->get('config_template') . '/template/product/product.tpl')) {
                $this->response->setOutput($this->load->view($this->config->get('config_template') . '/template/product/product.tpl', $data));
            } else {
                $this->response->setOutput($this->load->view('default/template/product/product.tpl', $data));
            }
        } else {
            $url = '';


           $data['column_left'] = $this->load->controller('common/column_left');
            $data['column_right'] = $this->load->controller('common/column_right');
            $data['content_top'] = $this->load->controller('common/content_top');
            $data['content_bottom'] = $this->load->controller('common/content_bottom');
            $data['footer'] = $this->load->controller('common/footer');
            //$data['header'] = $this->load->controller('common/header');
            $data['popupheader'] = $this->load->controller('common/popupheader');

        }

        $this->response->setOutput($this->load->view('default/template/product/product_imagepopup.tpl',$data));

    }

]]></add>
            </operation>
        </file>

        <file path="catalog/view/theme/*/template/common/header.tpl">
            <operation>
                <search><![CDATA[<link href="catalog/view/theme/default/stylesheet/stylesheet.css" rel="stylesheet">]]></search>
                <add position="after"><![CDATA[
              <link href="catalog/view/javascript/css/style.css" rel="stylesheet">
              <link type="text/css" rel="stylesheet" href="catalog/view/javascript/release/featherlight.min.css"  />
               <script src="catalog/view/javascript/release/featherlight.min.js" type="text/javascript"></script>
]]></add>
            </operation>
        </file>

        <!--Search page-->
        <file path="catalog/controller/product/search.php">
            <operation>
                <search><![CDATA['href'        => $this->url->link('product/product', 'product_id=' . $result['product_id'] . $url)]]></search>
                <add position="before"><![CDATA[
        'popuplink'        => $this->url->link('product/product/popup', 'product_id=' . $result['product_id']),
          ]]></add>
            </operation>
        </file>

        <file path="catalog/view/theme/*/template/product/search.tpl">
            <operation>
                <search><![CDATA[<div class="image"><a href="<?php echo $product['href']; ?>"><img src="<?php echo $product['thumb']; ?>" alt="<?php echo $product['name']; ?>" title="<?php echo $product['name']; ?>" class="img-responsive" /></a></div>]]></search>
                <add position="replace"><![CDATA[
         <div class="item">
                  <div class="col-item">
                      <div class="product-wrapper">

                          <div class="thumb-wrapper">
                              <a class="blue test thumb flip" href="<?php //echo $product['href']; ?>" class="btn btn-default" href="#" data-featherlight="#<?php echo $product['product_id'];?>" >
                                  <span class="face"><div class="image"><img style="width:80%;" src="<?php echo $product['thumb']; ?>" alt="<?php echo $product['name']; ?>"></div></span>
                                                        <span class="face back"><div class="image"><img style="width:80%;" src="<?php echo $product['thumb']; ?>" alt="<?php echo $product['name']; ?>" title="<?php echo $product['name']; ?>" href="<?php echo $product['href']; ?>"></div>
                                                            <span class="quick-view" data-product_id=""><span><i>&nbsp;</i>Quick View</span></span></span></a>
                          </div>
                      </div>
                  </div>
              </div>
              <div style="display:none" > <iframe  width="100%" height="100%" id="<?php echo $product['product_id']; ?>" src="<?php echo $product['popuplink']; ?>" frameborder="0" class="popup-class" style="border:none;" webkitallowfullscreen mozallowfullscreen allowfullscreen></iframe></div>
          ]]></add>
            </operation>
            <operation>
                <search><![CDATA[<div id="content" class="<?php echo $class; ?>"><?php echo $content_top; ?>]]></search>
                <add position="replace"><![CDATA[
<div id="content" class="<?php echo $class; ?>">
          ]]></add>
            </operation>

            <operation>
                <search><![CDATA[<?php echo $header; ?>]]></search>
                <add position="after"><![CDATA[
 <style>
    .product-list .product-thumb .thumb-wrapper
    {
        width: 20% !important;
    }
</style>
                   ]]></add>
            </operation>

        </file>

        <!--Category page-->
        <file path="catalog/controller/product/category.php">
            <operation>
                <search><![CDATA['href'        => $this->url->link('product/product', 'path=' . $this->request->get['path'] . '&product_id=' . $result['product_id'] . $url)]]></search>
                <add position="before"><![CDATA[
        'popuplink'        => $this->url->link('product/product/popup', 'product_id=' . $result['product_id']),
          ]]></add>
            </operation>
        </file>

        <file path="catalog/view/theme/*/template/product/category.tpl">
            <operation>
                <search><![CDATA[<div class="image"><a href="<?php echo $product['href']; ?>"><img src="<?php echo $product['thumb']; ?>" alt="<?php echo $product['name']; ?>" title="<?php echo $product['name']; ?>" class="img-responsive" /></a></div>]]></search>
                <add position="replace"><![CDATA[
                 <div class="item">
                  <div class="col-item">
                      <div class="product-wrapper">

                          <div class="thumb-wrapper">
                              <a class="blue test thumb flip" href="<?php //echo $product['href']; ?>" class="btn btn-default" href="#" data-featherlight="#<?php echo $product['product_id'];?>" >
                                  <span class="face"><div class="image"><img style="width:80%;" src="<?php echo $product['thumb']; ?>" alt="<?php echo $product['name']; ?>"></div></span>
                                                        <span class="face back"><div class="image"><img style="width:80%;" src="<?php echo $product['thumb']; ?>" alt="<?php echo $product['name']; ?>" title="<?php echo $product['name']; ?>" href="<?php echo $product['href']; ?>"></div>
                                                            <span class="quick-view" data-product_id=""><span><i>&nbsp;</i>Quick View</span></span></span></a>
                          </div>
                      </div>
                  </div>
              </div>

              <div style="display:none" > <iframe  width="100%" height="100%" id="<?php echo $product['product_id']; ?>" src="<?php echo $product['popuplink']; ?>" frameborder="0" class="popup-class" style="border:none;" webkitallowfullscreen mozallowfullscreen allowfullscreen></iframe></div>]]></add>
            </operation>
            <operation>
                <search><![CDATA[<?php echo $header; ?>]]></search>
                <add position="after"><![CDATA[
 <style>
    .product-list .product-thumb .thumb-wrapper
    {
        width: 30% !important;
    }
</style>
                   ]]></add>
            </operation>

        </file>

        <!--Product page(Related product)-->
        <file path="catalog/controller/product/product.php">
            <operation>
                <search><![CDATA['rating'      => $rating,]]></search>
                <add position="before"><![CDATA[
            'popuplink'        => $this->url->link('product/product/popup', 'product_id=' . $result['product_id']),
                   ]]></add>
            </operation>
        </file>
        <file path="catalog/view/theme/*/template/product/product.tpl">
            <operation>
                <search><![CDATA[<div class="image"><a href="<?php echo $product['href']; ?>"><img src="<?php echo $product['thumb']; ?>" alt="<?php echo $product['name']; ?>" title="<?php echo $product['name']; ?>" class="img-responsive" /></a></div>]]></search>
                <add position="replace"><![CDATA[
                  <div class="item">
                  <div class="col-item">
                      <div class="product-wrapper">

                          <div class="thumb-wrapper">
                              <a class="blue test thumb flip" href="<?php //echo $product['href']; ?>" class="btn btn-default" href="#" data-featherlight="#<?php echo $product['product_id'];?>" >
                                  <span class="face"><div class="image"><img style="width:50%;" src="<?php echo $product['thumb']; ?>" alt="<?php echo $product['name']; ?>"></div></span>
                                                        <span class="face back"><div class="image"><img style="width:50%;" src="<?php echo $product['thumb']; ?>" alt="<?php echo $product['name']; ?>" title="<?php echo $product['name']; ?>" href="<?php echo $product['href']; ?>"></div>
                                                            <span class="quick-view" data-product_id=""><span><i>&nbsp;</i>Quick View</span></span></span></a>
                          </div>
                      </div>
                  </div>
              </div>

              <div style="display:none" > <iframe  width="100%" height="100%" id="<?php echo $product['product_id']; ?>" src="<?php echo $product['popuplink']; ?>" frameborder="0" class="popup-class" style="border:none;" webkitallowfullscreen mozallowfullscreen allowfullscreen></iframe></div>
              ]]></add>
            </operation>
        </file>

    </modification>
