<modification>
    <name>irs_order_tracker</name>
    <code>irs_order_tracker</code>
    <version>1.0</version>
    <author>IRSSOFT</author>
    <link>www.irssoft.com</link>
    <!--admin-->  
    <file path="admin/controller/common/menu.php">
	<operation>
            <search><![CDATA[$data['text_openbay_order_import'] = $this->language->get('text_openbay_order_import');]]></search>
            <add position="after"><![CDATA[$data['text_ordertracking'] = $this->language->get('text_ordertracking');
$data['ordertracking'] = $this->url->link('localisation/ordertracking', 'token=' . $this->session->data['token'], 'SSL');]]></add>
        </operation> 
    </file>
   <file path="admin/view/template/common/menu.tpl">
	<operation>
            <search><![CDATA[<li><a href="<?php echo $location; ?>"><?php echo $text_location; ?></a></li>]]></search>
            <add position="before"><![CDATA[<li><a href="<?php echo $ordertracking; ?>"><?php echo $text_ordertracking; ?></a></li>]]></add>
        </operation> 
    </file>
    <file path="admin/language/english/common/menu.php">
	<operation>
            <search><![CDATA[// Text]]></search>
            <add position="after"><![CDATA[$_['text_ordertracking']                   = 'Order Tracking';]]></add>
        </operation> 
    </file>

    <file path="admin/controller/sale/order.php">

	 <operation>
            <search><![CDATA[$results = $this->model_sale_order->getOrders($filter_data);]]></search>
            <add position="after" offset="2"><![CDATA[$Trackerlink = $this->model_sale_order->getTrackerlink($result['courier_company']);]]></add>
        </operation>
  
        <operation>
            <search><![CDATA['total'         => $this->currency->format($result['total'], $result['currency_code'], $result['currency_value']),]]></search>
            <add position="before"><![CDATA['tracking_url'=>$Trackerlink,
			  'tracking_code'      => $result['tracking_code'],
			  'courier_company_name'=>$result['courier_company'],]]></add>
        </operation>

	<operation>
            <search><![CDATA[$this->response->setOutput($this->load->view('sale/order_list.tpl', $data));]]></search>
            <add position="before"><![CDATA[$data['text_Add_Tracker'] = $this->language->get('text_Add_Tracker');
$data['ordertracker_status'] = $this->config->get('ordertracker_status');
$data['tracker_arrays']=array();

$data['tracker_infos']=$this->model_sale_order->getOrdertrackdetails();

               foreach ($data['tracker_infos'] as $tracker_info) {
			$data['tracker_arrays'][] = array(				
				'ordertracking_id'              => $tracker_info['ordertracking_id'],
				'courier_company_name'          => $tracker_info['courier_company_name'],
				'tracking_url'                  => $tracker_info['tracking_url']				
			);
		}]]></add>
        </operation>
        <operation>
            <search><![CDATA[public function getForm() {]]></search>
            <add position="before"><![CDATA[public function ajaxupdateurl() {
             $this->load->model('sale/order');
             $data=$this->model_sale_order->updateordertracking($this->request->post);
		
             $this->response->addHeader('Content-Type: application/json');
             $this->response->setOutput(json_encode($data));
 }]]></add>
        </operation>
        <operation>
            <search><![CDATA[$data['shipping_code'] = $order_info['shipping_code'];]]></search>
            <add position="after"><![CDATA[$data['courier_company'] = $order_info['courier_company'];
			  $data['tracking_code'] = $order_info['tracking_code'];]]></add>
        </operation>
         <operation>
            <search><![CDATA[$data['order_status_id'] = $this->config->get('config_order_status_id');]]></search>
            <add position="after"><![CDATA[$data['courier_company'] = "";
			  $data['tracking_code'] = "";]]></add>
        </operation>
	 <operation>
            <search><![CDATA[$this->response->setOutput($this->load->view('sale/order_form.tpl', $data));]]></search>
            <add position="before"><![CDATA[$data['text_courier_company'] = $this->language->get('text_courier_company');
$data['text_trackingcode'] = $this->language->get('text_trackingcode');

$data['tracker_arrays']=array();

$data['tracker_infos']=$this->model_sale_order->getOrdertrackdetails();

               foreach ($data['tracker_infos'] as $tracker_info) {
			$data['tracker_arrays'][] = array(				
				'ordertracking_id'              => $tracker_info['ordertracking_id'],
				'courier_company_name'          => $tracker_info['courier_company_name'],
				'tracking_url'                  => $tracker_info['tracking_url']				
			);
		}
$data['ordertracker_status'] = $this->config->get('ordertracker_status');]]></add>
        </operation>
	<operation>
            <search><![CDATA[$this->response->setOutput($this->load->view('sale/order_info.tpl', $data));]]></search>
            <add position="before"><![CDATA[$Trackerlink = $this->model_sale_order->getTrackerlink($order_info['courier_company']);
			$data['tracking_code'] = $order_info['tracking_code'];	
			$data['courier_company'] = $order_info['courier_company'];			
			$data['tracking_url'] = $Trackerlink;

			$data['text_courier_company'] = $this->language->get('text_courier_company');
			$data['text_trackingcode'] = $this->language->get('text_trackingcode');
			$data['text_ClickButton'] = $this->language->get('text_ClickButton');
			$data['text_Add_Order_Tracker_Detail'] = $this->language->get('text_Add_Order_Tracker_Detail');
			$data['text_Add_Tracker'] = $this->language->get('text_Add_Tracker');

	                $data['text_shipmenttracker_info'] = $this->language->get('text_shipmenttracker_info');
			$data['text_deliveredby'] = $this->language->get('text_deliveredby');
			$data['text_trackingtheorder'] = $this->language->get('text_trackingtheorder');

			$data['ordertracker_status'] = $this->config->get('ordertracker_status');
			$data['tracker_arrays']=array();

			$data['tracker_infos']=$this->model_sale_order->getOrdertrackdetails();

		        foreach ($data['tracker_infos'] as $tracker_info) {
				$data['tracker_arrays'][] = array(				
					'ordertracking_id'              => $tracker_info['ordertracking_id'],
					'courier_company_name'          => $tracker_info['courier_company_name'],
					'tracking_url'                  => $tracker_info['tracking_url']				
				);
			}]]></add>
        </operation>
    </file> 
 <file path="admin/language/english/sale/order.php">
        <operation>
            <search><![CDATA[// Text]]></search>
            <add position="after"><![CDATA[//Import
$_['button_import']                       = 'Import';
//Import
$_['text_courier_company']                = 'Courier Company';
$_['text_trackingcode']                   = 'Tracking Code';

$_['text_ClickButton']                    = 'Order Tracker Details';
$_['text_Add_Order_Tracker_Detail']       = 'Add Order Tracker Detail';
$_['text_Add_Tracker']                    = 'Add Tracker';


$_['text_shipmenttracker_info']           = 'Shipment Tracker Info ';
$_['text_deliveredby']                    = 'Delivered By';
$_['text_trackingtheorder']               = 'Tracking The Order To click the button   ';]]></add>
        </operation>
 </file> 

 <file path="admin/model/sale/order.php">
        <operation>
            <search><![CDATA[public function getOrder($order_id) {]]></search>
            <add position="before"><![CDATA[
        public function getOrdertrackdetails() {
		$query = $this->db->query("SELECT * FROM " . DB_PREFIX . "ordertrack");

		return $query->rows;
        }

       
        public function getTrackerlink($courier_company_name) {
        	//code LIKE '" . $currency . "'"
		$query = $this->db->query("SELECT tracking_url FROM " . DB_PREFIX . "ordertrack where courier_company_name  LIKE '" . $courier_company_name . "'");
			if(!empty($query->row)){
				return $query->row['tracking_url'];
			}
			else{
				return "";
			}
		
        }
		
	public function updateordertracking($data) { //print_r($data);exit;
		
                $this->db->query("UPDATE `" . DB_PREFIX . "order` SET courier_company = '" . $data['company'] . "', tracking_code = '" . $data['code'] . "' WHERE order_id = '" . $data['orderid'] . "'");
		
		$query = $this->db->query("SELECT courier_company,tracking_code FROM `" . DB_PREFIX . "order` WHERE order_id = '" . $data['orderid'] . "'");
		

//Mail function added start
      $comment = ''; 
      $notify = false;
      $order_id = $data['orderid'];


     // $order_info = $this->getOrder($order_id);

     // $order_status_id=$order_info['order_status_id'];

//once order tracker detail added update the status Shipped
              $this->db->query("UPDATE `" . DB_PREFIX . "order` SET order_status_id = 3 WHERE order_id = '" . $order_id . "'");

 $order_info = $this->getOrder($order_id);

 $order_status_id=$order_info['order_status_id'];


//order info update order status in history page
	     $this->db->query("INSERT INTO " . DB_PREFIX . "order_history SET order_id = '" . (int)$order_id . "', order_status_id = '" . (int)$order_status_id . "', notify = 1, comment = '" . $this->db->escape($comment) . "', date_added = NOW()");

//print_r($order_info['order_status_id']);exit;
     // Load the language for any mails that might be required to be sent out
     $language = new Language($order_info['language_directory']);
     $language->load($order_info['language_directory']);
     $language->load('mail/order');			

       $subject = sprintf($language->get('text_new_subject'), html_entity_decode($order_info['store_name'], ENT_QUOTES, 'UTF-8'), $order_id);


        $order_product_query = $this->db->query("SELECT * FROM " . DB_PREFIX . "order_product WHERE order_id = '" . (int)$order_id . "'");

             foreach ($order_product_query->rows as $order_product) {
		// Check if there are any linked downloads
		$product_download_query = $this->db->query("SELECT COUNT(*) AS total FROM `" . DB_PREFIX . "product_to_download` WHERE product_id = '" . (int)$order_product['product_id'] . "'");

			if ($product_download_query->row['total']) {
				$download_status = true;
			}
	      }

    $download_status = true;

    if ($download_status) {
          $data['download'] = $order_info['store_url'] . 'index.php?route=account/download';
    } else {
	  $data['download'] = '';
    }


     $order_status_query = $this->db->query("SELECT * FROM " . DB_PREFIX . "order_status WHERE order_status_id = '" . (int)$order_status_id . "' AND language_id = '" . (int)$order_info['language_id'] . "'");

     if ($order_status_query->num_rows) {
	 $order_status = $order_status_query->row['name'];
     } else {
	 $order_status = '';
     }
                              // HTML Mail
				$data = array();

				$data['title'] = sprintf($language->get('text_new_subject'), $order_info['store_name'], $order_id);

				$data['text_greeting'] = sprintf($language->get('text_new_greeting'), $order_info['store_name']);
				$data['text_link'] = $language->get('text_new_link');
				$data['text_download'] = $language->get('text_new_download');
				$data['text_order_detail'] = $language->get('text_new_order_detail');
				$data['text_instruction'] = $language->get('text_new_instruction');
				$data['text_order_id'] = $language->get('text_new_order_id');
				$data['text_date_added'] = $language->get('text_new_date_added');
				$data['text_payment_method'] = $language->get('text_new_payment_method');
				$data['text_shipping_method'] = $language->get('text_new_shipping_method');
				$data['text_email'] = $language->get('text_new_email');
				$data['text_telephone'] = $language->get('text_new_telephone');
				$data['text_ip'] = $language->get('text_new_ip');
				$data['text_order_status'] = $language->get('text_new_order_status');
				$data['text_payment_address'] = $language->get('text_new_payment_address');
				$data['text_shipping_address'] = $language->get('text_new_shipping_address');
				$data['text_product'] = $language->get('text_new_product');
				$data['text_model'] = $language->get('text_new_model');
				$data['text_quantity'] = $language->get('text_new_quantity');
				$data['text_price'] = $language->get('text_new_price');
				$data['text_total'] = $language->get('text_new_total');
				$data['text_footer'] = $language->get('text_new_footer');

				$data['logo'] = $this->config->get('config_url') . 'image/' . $this->config->get('config_logo');
				$data['store_name'] = $order_info['store_name'];
				$data['store_url'] = $order_info['store_url'];
				$data['customer_id'] = $order_info['customer_id'];
				$data['link'] = $order_info['store_url'] . 'index.php?route=account/order/info&order_id=' . $order_id;

				if ($download_status) {
					$data['download'] = $order_info['store_url'] . 'index.php?route=account/download';
				} else {
					$data['download'] = '';
				}

				$data['order_id'] = $order_id;
				//**********************
				$data['tracking_url'] = $this->getTrackerlink($order_info['courier_company']);
				$data['ordertracker_status'] = $this->config->get('ordertracker_status');
				$data['courier_company'] = $order_info['courier_company'];
							//print_r($Trackerlink);
				$data['tracking_code'] = $order_info['tracking_code'];

				//**********************
				$data['date_added'] = date($language->get('date_format_short'), strtotime($order_info['date_added']));
				$data['payment_method'] = $order_info['payment_method'];
				$data['shipping_method'] = $order_info['shipping_method'];
				$data['email'] = $order_info['email'];
				$data['telephone'] = $order_info['telephone'];
				$data['ip'] = $order_info['ip'];
				$data['order_status'] = $order_status;

				if ($comment && $notify) {
					$data['comment'] = nl2br($comment);
				} else {
					$data['comment'] = '';
				}

				if ($order_info['payment_address_format']) {
					$format = $order_info['payment_address_format'];
				} else {
					$format = '{firstname} {lastname}' . "\n" . '{company}' . "\n" . '{address_1}' . "\n" . '{address_2}' . "\n" . '{city} {postcode}' . "\n" . '{zone}' . "\n" . '{country}';
				}

				$find = array(
					'{firstname}',
					'{lastname}',
					'{company}',
					'{address_1}',
					'{address_2}',
					'{city}',
					'{postcode}',
					'{zone}',
					'{zone_code}',
					'{country}'
				);

				$replace = array(
					'firstname' => $order_info['payment_firstname'],
					'lastname'  => $order_info['payment_lastname'],
					'company'   => $order_info['payment_company'],
					'address_1' => $order_info['payment_address_1'],
					'address_2' => $order_info['payment_address_2'],
					'city'      => $order_info['payment_city'],
					'postcode'  => $order_info['payment_postcode'],
					'zone'      => $order_info['payment_zone'],
					'zone_code' => $order_info['payment_zone_code'],
					'country'   => $order_info['payment_country']
				);

				$data['payment_address'] = str_replace(array("\r\n", "\r", "\n"), '<br />', preg_replace(array("/\s\s+/", "/\r\r+/", "/\n\n+/"), '<br />', trim(str_replace($find, $replace, $format))));

				if ($order_info['shipping_address_format']) {
					$format = $order_info['shipping_address_format'];
				} else {
					$format = '{firstname} {lastname}' . "\n" . '{company}' . "\n" . '{address_1}' . "\n" . '{address_2}' . "\n" . '{city} {postcode}' . "\n" . '{zone}' . "\n" . '{country}';
				}

				$find = array(
					'{firstname}',
					'{lastname}',
					'{company}',
					'{address_1}',
					'{address_2}',
					'{city}',
					'{postcode}',
					'{zone}',
					'{zone_code}',
					'{country}'
				);

				$replace = array(
					'firstname' => $order_info['shipping_firstname'],
					'lastname'  => $order_info['shipping_lastname'],
					'company'   => $order_info['shipping_company'],
					'address_1' => $order_info['shipping_address_1'],
					'address_2' => $order_info['shipping_address_2'],
					'city'      => $order_info['shipping_city'],
					'postcode'  => $order_info['shipping_postcode'],
					'zone'      => $order_info['shipping_zone'],
					'zone_code' => $order_info['shipping_zone_code'],
					'country'   => $order_info['shipping_country']
				);

				$data['shipping_address'] = str_replace(array("\r\n", "\r", "\n"), '<br />', preg_replace(array("/\s\s+/", "/\r\r+/", "/\n\n+/"), '<br />', trim(str_replace($find, $replace, $format))));

				$this->load->model('tool/upload');

				// Products
				$data['products'] = array();

				foreach ($order_product_query->rows as $product) {
					$option_data = array();

					$order_option_query = $this->db->query("SELECT * FROM " . DB_PREFIX . "order_option WHERE order_id = '" . (int)$order_id . "' AND order_product_id = '" . (int)$product['order_product_id'] . "'");

					foreach ($order_option_query->rows as $option) {
						if ($option['type'] != 'file') {
							$value = $option['value'];
						} else {
							$upload_info = $this->model_tool_upload->getUploadByCode($option['value']);

							if ($upload_info) {
								$value = $upload_info['name'];
							} else {
								$value = '';
							}
						}

						$option_data[] = array(
							'name'  => $option['name'],
							'value' => (utf8_strlen($value) > 20 ? utf8_substr($value, 0, 20) . '..' : $value)
						);
					}

					$data['products'][] = array(
						'name'     => $product['name'],
						'model'    => $product['model'],
						'option'   => $option_data,
						'quantity' => $product['quantity'],
						'price'    => $this->currency->format($product['price'] + ($this->config->get('config_tax') ? $product['tax'] : 0), $order_info['currency_code'], $order_info['currency_value']),
						'total'    => $this->currency->format($product['total'] + ($this->config->get('config_tax') ? ($product['tax'] * $product['quantity']) : 0), $order_info['currency_code'], $order_info['currency_value'])
					);
				}

				// Vouchers
				$data['vouchers'] = array();

				$order_voucher_query = $this->db->query("SELECT * FROM " . DB_PREFIX . "order_voucher WHERE order_id = '" . (int)$order_id . "'");

				foreach ($order_voucher_query->rows as $voucher) {
					$data['vouchers'][] = array(
						'description' => $voucher['description'],
						'amount'      => $this->currency->format($voucher['amount'], $order_info['currency_code'], $order_info['currency_value']),
					);
				}

				// Order Totals
				$order_total_query = $this->db->query("SELECT * FROM `" . DB_PREFIX . "order_total` WHERE order_id = '" . (int)$order_id . "' ORDER BY sort_order ASC");

				foreach ($order_total_query->rows as $total) {
					$data['totals'][] = array(
						'title' => $total['title'],
						'text'  => $this->currency->format($total['value'], $order_info['currency_code'], $order_info['currency_value']),
					);
				}

				/*if (file_exists(DIR_TEMPLATE . $this->config->get('config_template') . '/template/mail/order.tpl')) {
					$html = $this->load->view($this->config->get('config_template') . '/template/mail/order.tpl', $data);
				} else {
					$html = $this->load->view('mail/order.tpl', $data);
				}*/
				$html = $this->load->view('mail/order.tpl', $data);
//print_r($html);exit;
				// Can not send confirmation emails for CBA orders as email is unknown
				$this->load->model('payment/amazon_checkout');
		
				//if (!$this->model_payment_amazon_checkout->isAmazonOrder($order_info['order_id'])) {
					// Text Mail
					$text  = sprintf($language->get('text_new_greeting'), html_entity_decode($order_info['store_name'], ENT_QUOTES, 'UTF-8')) . "\n\n";
					$text .= $language->get('text_new_order_id') . ' ' . $order_id . "\n";
					$text .= $language->get('text_new_date_added') . ' ' . date($language->get('date_format_short'), strtotime($order_info['date_added'])) . "\n";
					$text .= $language->get('text_new_order_status') . ' ' . $order_status . "\n\n";

					if ($comment && $notify) {
						$text .= $language->get('text_new_instruction') . "\n\n";
						$text .= $comment . "\n\n";
					}

					// Products
					$text .= $language->get('text_new_products') . "\n";

					foreach ($order_product_query->rows as $product) {
						$text .= $product['quantity'] . 'x ' . $product['name'] . ' (' . $product['model'] . ') ' . html_entity_decode($this->currency->format($product['total'] + ($this->config->get('config_tax') ? ($product['tax'] * $product['quantity']) : 0), $order_info['currency_code'], $order_info['currency_value']), ENT_NOQUOTES, 'UTF-8') . "\n";

						$order_option_query = $this->db->query("SELECT * FROM " . DB_PREFIX . "order_option WHERE order_id = '" . (int)$order_id . "' AND order_product_id = '" . $product['order_product_id'] . "'");

						foreach ($order_option_query->rows as $option) {
							if ($option['type'] != 'file') {
								$value = $option['value'];
							} else {
								$upload_info = $this->model_tool_upload->getUploadByCode($option['value']);

								if ($upload_info) {
									$value = $upload_info['name'];
								} else {
									$value = '';
								}
							}

							$text .= chr(9) . '-' . $option['name'] . ' ' . (utf8_strlen($value) > 20 ? utf8_substr($value, 0, 20) . '..' : $value) . "\n";
						}
					}

					foreach ($order_voucher_query->rows as $voucher) {
						$text .= '1x ' . $voucher['description'] . ' ' . $this->currency->format($voucher['amount'], $order_info['currency_code'], $order_info['currency_value']);
					}

					$text .= "\n";

					$text .= $language->get('text_new_order_total') . "\n";

					foreach ($order_total_query->rows as $total) {
						$text .= $total['title'] . ': ' . html_entity_decode($this->currency->format($total['value'], $order_info['currency_code'], $order_info['currency_value']), ENT_NOQUOTES, 'UTF-8') . "\n";
					}

					$text .= "\n";

					if ($order_info['customer_id']) {
						$text .= $language->get('text_new_link') . "\n";
						$text .= $order_info['store_url'] . 'index.php?route=account/order/info&order_id=' . $order_id . "\n\n";
					}

					if ($download_status) {
						$text .= $language->get('text_new_download') . "\n";
						$text .= $order_info['store_url'] . 'index.php?route=account/download' . "\n\n";
					}

					// Comment
					if ($order_info['comment']) {
						$text .= $language->get('text_new_comment') . "\n\n";
						$text .= $order_info['comment'] . "\n\n";
					}

					$text .= $language->get('text_new_footer') . "\n\n";
//print_r($order_info['email']);exit;
					$mail = new Mail();
					$mail->protocol = $this->config->get('config_mail_protocol');
					$mail->parameter = $this->config->get('config_mail_parameter');
					$mail->smtp_hostname = $this->config->get('config_mail_smtp_hostname');
					$mail->smtp_username = $this->config->get('config_mail_smtp_username');
					$mail->smtp_password = html_entity_decode($this->config->get('config_mail_smtp_password'), ENT_QUOTES, 'UTF-8');
					$mail->smtp_port = $this->config->get('config_mail_smtp_port');
					$mail->smtp_timeout = $this->config->get('config_mail_smtp_timeout');

					$mail->setTo($order_info['email']);
					$mail->setFrom($this->config->get('config_email'));
					$mail->setSender(html_entity_decode($order_info['store_name'], ENT_QUOTES, 'UTF-8'));
					$mail->setSubject(html_entity_decode($subject, ENT_QUOTES, 'UTF-8'));
					$mail->setHtml($html);
					$mail->setText($text);
					$mail->send();
//Mail function added end
		return $query->row;
		
        }]]></add>
        </operation>
         <operation>
            <search><![CDATA['date_modified'           => $order_query->row['date_modified']]]></search>
            <add position="before"><![CDATA['courier_company'         => $order_query->row['courier_company'],
			  'tracking_code'              => $order_query->row['tracking_code'],]]></add>
        </operation>
       <operation>
            <search><![CDATA[$sql = "SELECT o.order_id, CONCAT(o.firstname, ' ', o.lastname) AS customer, (SELECT os.name FROM " . DB_PREFIX . "order_status os WHERE os.order_status_id = o.order_status_id AND os.language_id = '" . (int)$this->config->get('config_language_id') . "') AS status, o.shipping_code, o.total, o.currency_code, o.currency_value, o.date_added, o.date_modified FROM `" . DB_PREFIX . "order` o";]]></search>
            <add position="replace"><![CDATA[$sql = "SELECT o.order_id, CONCAT(o.firstname, ' ', o.lastname) AS customer, (SELECT os.name FROM " . DB_PREFIX . "order_status os WHERE os.order_status_id = o.order_status_id AND os.language_id = '" . (int)$this->config->get('config_language_id') . "') AS status, o.shipping_code, o.total, o.currency_code, o.currency_value, o.date_added, o.tracking_code,o.courier_company, o.date_modified FROM `" . DB_PREFIX . "order` o";]]></add>
        </operation>
 </file> 

 <file path="admin/view/template/sale/order_form.tpl">
        <operation>
            <search><![CDATA[<label class="col-sm-2 control-label" for="input-shipping-zone"><?php echo $entry_zone; ?></label>]]></search>
            <add position="after" offset="5"><![CDATA[<?php if($ordertracker_status==1) { ?>
	    <div class="form-group">
                <label class="col-sm-2 control-label" for="input-payment-zone"><?php echo $text_courier_company; ?></label>
                <div class="col-sm-10">
              <select name="courier_company" id="input-payment-zone" class="form-control" value="<?php //echo $courier_company;?>">
            	<option value="">---Select Courier Company---</option>
		<?php foreach($tracker_arrays as $tracker_array) { ?>
		       <option  <?php echo ($courier_company==$tracker_array['courier_company_name'] ? 'selected=selected' : ''); ?> value="<?php echo $tracker_array['courier_company_name']; ?>"><?php echo $tracker_array['courier_company_name']; ?></option>

		<?php } ?>
                  </select>
                </div>
              </div>

              <div class="form-group">
                <label class="col-sm-2 control-label" for="input-payment-zone"><?php echo $text_trackingcode; ?></label>
                <div class="col-sm-10">
                  <input type="text" name="tracking_code" placeholder="Enter Tracking Code" id="input-payment-zone" class="form-control" value="<?php echo $tracking_code;?>"/>                  
                </div>
              </div>
<?php } ?>]]></add>
        </operation>
 </file> 
 <file path="admin/view/template/sale/order_list.tpl">
        <operation>
            <search><![CDATA[<td class="text-left"><?php if ($sort == 'o.date_added') { ?>]]></search>
            <add position="before"><![CDATA[<?php if($ordertracker_status==1) { ?>
		    <td class="text-center">                
                    <a href="<?php //echo $sort_total; ?>"><?php echo "Tracking Code"; ?></a>
                    </td>
		<?php } ?>]]></add>
        </operation>
         <operation>
            <search><![CDATA[<td class="text-right"><?php echo $order['total']; ?></td>]]></search>
            <add position="after"><![CDATA[<?php if($ordertracker_status==1) { ?>	       
	<?php if($order['tracking_code']){ ?>

	<td><span style="width:100%;padding:0;margin-top:16px;height:20px;" class="btn btn-primary">
	<?php echo $order['courier_company_name']; ?></span> 

		<span style="width:100%;padding:0;margin-top:16px;height:20px;background-color: #75A74D;" class="btn btn-primary" data-toggle="modal" data-target="#<?php echo $order['order_id']; ?>">
	<?php echo $order['tracking_code']; ?></span></td> 

        </div>
         
<?php } else { ?>
                <td><div class="codes<?php echo $order['order_id']; ?>">
               <select name="courier_company"  class="form-control" id="courier<?php echo $order['order_id']; ?>" value="<?php //echo $courier_company;?>">
            	<option value="">---Select Courier Company--- </option>
		<?php foreach($tracker_arrays as $tracker_array) { ?>
		       <option  value="<?php echo $tracker_array['courier_company_name']; ?>"><?php echo $tracker_array['courier_company_name']; ?></option>

		<?php } ?>
	      </select>
             <input type="text" name="tracking_code" id="trackingcode<?php echo $order['order_id']; ?>" placeholder="Enter Tracking Code"  class="form-control" />
              <button style="height: 22px;padding: 0px;width: 117px;margin-left: 44px;background-color: #75A74D"  orderid=<?php echo $order['order_id']; ?> id="btnupdate<?php echo $order['order_id']; ?>" type="button" class="btn btn-block btn-lg btn-primary"><?php echo $text_Add_Tracker; ?></button> 
	      </div><div id="error<?php echo $order['order_id']; ?>"  class="alert-danger"></div> </td>
<?php } ?>


<!-- Modal -->
<div class="modal fade" id="<?php echo $order['order_id']; ?>" tabindex="-1" role="dialog" aria-labelledby="myModalLabel" aria-hidden="true">
  <div class="modal-dialog">
    <div class="modal-content">
      <div class="modal-header">
        <button type="button" class="close" data-dismiss="modal" aria-hidden="true">&times;</button>
        <h4 class="modal-title" id="myModalLabel">Track Order</h4>
      </div>

       <div class="modal-body">
          <iframe src="<?php echo $order['tracking_url'].$order['tracking_code']; ?>" width="100%" height="500px" frameborder="0" allowtransparency="true"></iframe>  
      </div>
      <div class="modal-footer">
        <button type="button" class="btn btn-default"  data-dismiss="modal">Close</button>   
      </div>
    </div>
    <!-- /.modal-content -->
  </div>
  <!-- /.modal-dialog -->
</div>
<!-- /.modal -->
<?php } ?>]]></add>
        </operation>
	<operation>
            <search><![CDATA[<?php echo $footer; ?>]]></search>
            <add position="before"><![CDATA[<script>
$(document).ready(function(){
 <?php foreach ($orders as $order) { ?>
 $("#btnupdate<?php echo $order['order_id']; ?>").click(function(){
console.log("<?php echo $order['order_id']; ?>");

	var code=$("#trackingcode<?php echo $order['order_id']; ?>").val();
	var company=$("#courier<?php echo $order['order_id']; ?>").val();
	var orderid="<?php echo $order['order_id']; ?>";

	                    if(code==""){
			       var result = "Please Enter Tracking code";

			       $("#error<?php echo $order['order_id']; ?>").html(result);
			    }
	                    else if(company==""){
			       var result = "Please select company";

			       $("#error<?php echo $order['order_id']; ?>").html(result);
			    }
else{
       $.ajax({
                type:'POST',
                datatype:'json',
                async:false,
                data: {code: code,company: company,orderid: orderid},
                url:"index.php?route=sale/order/ajaxupdateurl&token=<?php echo $token; ?>",
                success:function(data) {
			/*if(code!="" && company!=""){
				//console.log(data.courier_company);
			    var result = "<span class='btn btn-primary' data-toggle='modal' data-target='#"+orderid+"'>";
		                result += data.tracking_code;
		                result +="</span>";
			$codes=".codes"+orderid;
			$($codes).html(result);*/
			window.location.href=window.location.href;
                       // }             
			
		}		
          });   

   }

});
<?php } ?>
});
</script>]]></add>
        </operation>
 </file> 
 <file path="admin/view/template/sale/order_info.tpl">
        <operation>
            <search><![CDATA[<div id="history"></div>]]></search>
            <add position="after" offset="1"><![CDATA[<?php if($ordertracker_status==1) { ?>	    
	<?php if($tracking_code){ ?>
       <fieldset><legend><?php echo $text_ClickButton; ?></legend>   

                <div class="form-group">
                  <label class="col-sm-4 control-label" for="input-notify"><?php echo "Notify Mail Tracker Status "; ?></label>
                  <div class="col-sm-8">
                    <input type="checkbox" name="notify_tracker_status" checked="checked" value="1"><br>
                  </div>
                </div></br>
               <div class="form-group">
                  <label class="col-sm-4 control-label" for="input-notify"><?php echo $text_deliveredby; ?></label>
                  <div class="col-sm-8">
                     <?php echo $courier_company; ?>
                  </div>
                </div></br>
               <div class="form-group">
                  <label class="col-sm-4 control-label" for="input-notify"><?php echo $text_trackingtheorder; ?></label>
                  <div class="col-sm-8">
                  <span  class="btn btn-primary" data-toggle="modal" data-target="#<?php echo $order_id; ?>">
	           <?php echo $tracking_code; ?>
	        </span> 	
                  </div>
                </div></br>
   <br/>   
<?php } else { ?>
            <fieldset>
              <legend><?php echo $text_Add_Order_Tracker_Detail; ?></legend>

                 <div class="form-group">
                  <label class="col-sm-2 control-label" for="input-order-status"><?php echo $text_courier_company; ?></label>
                   <div class="col-sm-10">
                    <select name="courier_company"  class="form-control" id="courier"  value="<?php //echo $courier_company;?>">
                   	<option value="">---Select Courier Company--- </option>
		<?php foreach($tracker_arrays as $tracker_array) { ?>
		        <option  value="<?php echo $tracker_array['courier_company_name']; ?>"><?php echo $tracker_array['courier_company_name']; ?></option>

		<?php } ?>
	           </select>
                  </div>
                </div>

		<div class="form-group">
                  <label class="col-sm-2 control-label" for="input-notify"><?php echo $text_trackingcode; ?></label>
                  <div class="col-sm-10">
                    <input type="text" name="tracking_code" id="trackingcode" placeholder="Enter Tracking Code"  class="form-control" />
                  </div>
                </div>

                <button style="height: 30px;padding: 3px;width: 117px;margin-left: 371px;"  orderid=<?php echo $order_id; ?> id="btnupdate"type="button" class="btn btn-block btn-lg btn-primary"><?php echo $text_Add_Tracker; ?></button> 
<p style="text-align: center;color:#1872A2" >[ Note:- Click the button to add order track link to the order and mail sent to customer ]</p>
	      </div><div id="error"  class="alert-danger"></div>
<?php } ?>
<!-- Modal-->
<div class="modal fade" id="<?php echo $order_id; ?>" tabindex="-1" role="dialog" aria-labelledby="myModalLabel" aria-hidden="true">
  <div class="modal-dialog">
    <div class="modal-content">
      <div class="modal-header">
        <button type="button" class="close" data-dismiss="modal" aria-hidden="true">&times;</button>
        <h4 class="modal-title" id="myModalLabel">Track Order</h4>
      </div>

       <div class="modal-body">
          <iframe src="<?php echo $tracking_url.$tracking_code; ?>" width="100%" height="500px" frameborder="0" allowtransparency="true"></iframe>  
      </div>
      <div class="modal-footer">
        <button type="button" class="btn btn-default"  data-dismiss="modal">Close</button>   
      </div>
    </div>   
  </div> 
</div>
<!-- Modal-->
<?php } ?>]]></add>
        </operation>
<operation>
            <search><![CDATA[<?php echo $footer; ?>]]></search>
            <add position="before"><![CDATA[<script>
$(document).ready(function(){

    $("#btnupdate").click(function(){
	var code=$("#trackingcode").val();
	var company=$("#courier").val();
	var orderid=$("#btnupdate").attr('orderid');
                         if(code==""){
			       var result = "Please Enter Tracking code";

			       $("#error").html(result);
			    }
	                    else if(company==""){
			       var result = "Please select company";

			       $("#error").html(result);
			    }
else{
$.ajax({
                type:'POST',
                datatype:'json',
                async:false,
                data: {code: code,company: company,orderid: orderid},
                url:"index.php?route=sale/order/ajaxupdateurl&token=<?php echo $token; ?>",
                success:function(data) {
		if(code!="" && company!=""){
			//console.log(data.courier_company);
		    var result = "<span class='btn btn-primary' data-toggle='modal' data-target='#"+orderid+"'>";
                        result += data.tracking_code;
                        result +="</span>";
		$codes=".codes"+orderid;
		$($codes).html(result);
		window.location.href=window.location.href;

			}
                    
		}

		
          }); 
}  
     });
});
</script>]]></add>
        </operation>
</file> 
<!--frondend-->
 <file path="catalog/controller/api/order.php">
        <operation>
            <search><![CDATA[$order_data['payment_firstname'] = $this->session->data['payment_address']['firstname'];]]></search>
            <add position="before"><![CDATA[$order_data['courier_company'] = $this->session->data['shipping_address']['courier_company'];
$order_data['tracking_code'] = $this->session->data['shipping_address']['tracking_code'];]]></add>
        </operation>
 </file> 
 <file path="catalog/controller/api/shipping.php">
        <operation>
            <search><![CDATA[$this->session->data['shipping_address'] = array(]]></search>
            <add position="after"><![CDATA['courier_company'=>($this->config->get('ordertracker_status') == 1 ? $this->request->post['courier_company'] : ""),
 'tracking_code'=>($this->config->get('ordertracker_status') == 1 ? $this->request->post['tracking_code'] : ""),]]></add>
        </operation>
 </file> 
 <file path="catalog/model/checkout/order.php">
         <operation>
            <search><![CDATA[$this->db->query("INSERT INTO `" . DB_PREFIX . "order` SET invoice_prefix = '" . $this->db->escape($data['invoice_prefix']) . "', store_id = '" . (int)$data['store_id'] . "', store_name = '" . $this->db->escape($data['store_name']) . "', store_url = '" . $this->db->escape($data['store_url']) . "', customer_id = '" . (int)$data['customer_id'] . "', customer_group_id = '" . (int)$data['customer_group_id'] . "', firstname = '" . $this->db->escape($data['firstname']) . "', lastname = '" . $this->db->escape($data['lastname']) . "', email = '" . $this->db->escape($data['email']) . "', telephone = '" . $this->db->escape($data['telephone']) . "', fax = '" . $this->db->escape($data['fax']) . "', custom_field = '" . $this->db->escape(isset($data['custom_field']) ? serialize($data['custom_field']) : '') . "', payment_firstname = '" . $this->db->escape($data['payment_firstname']) . "', payment_lastname = '" . $this->db->escape($data['payment_lastname']) . "', payment_company = '" . $this->db->escape($data['payment_company']) . "', payment_address_1 = '" . $this->db->escape($data['payment_address_1']) . "', payment_address_2 = '" . $this->db->escape($data['payment_address_2']) . "', payment_city = '" . $this->db->escape($data['payment_city']) . "', payment_postcode = '" . $this->db->escape($data['payment_postcode']) . "', payment_country = '" . $this->db->escape($data['payment_country']) . "', payment_country_id = '" . (int)$data['payment_country_id'] . "', payment_zone = '" . $this->db->escape($data['payment_zone']) . "', payment_zone_id = '" . (int)$data['payment_zone_id'] . "', payment_address_format = '" . $this->db->escape($data['payment_address_format']) . "', payment_custom_field = '" . $this->db->escape(isset($data['payment_custom_field']) ? serialize($data['payment_custom_field']) : '') . "', payment_method = '" . $this->db->escape($data['payment_method']) . "', payment_code = '" . $this->db->escape($data['payment_code']) . "', shipping_firstname = '" . $this->db->escape($data['shipping_firstname']) . "', shipping_lastname = '" . $this->db->escape($data['shipping_lastname']) . "', shipping_company = '" . $this->db->escape($data['shipping_company']) . "', shipping_address_1 = '" . $this->db->escape($data['shipping_address_1']) . "', shipping_address_2 = '" . $this->db->escape($data['shipping_address_2']) . "', shipping_city = '" . $this->db->escape($data['shipping_city']) . "', shipping_postcode = '" . $this->db->escape($data['shipping_postcode']) . "', shipping_country = '" . $this->db->escape($data['shipping_country']) . "', shipping_country_id = '" . (int)$data['shipping_country_id'] . "', shipping_zone = '" . $this->db->escape($data['shipping_zone']) . "', shipping_zone_id = '" . (int)$data['shipping_zone_id'] . "', shipping_address_format = '" . $this->db->escape($data['shipping_address_format']) . "', shipping_custom_field = '" . $this->db->escape(isset($data['shipping_custom_field']) ? serialize($data['shipping_custom_field']) : '') . "', shipping_method = '" . $this->db->escape($data['shipping_method']) . "', shipping_code = '" . $this->db->escape($data['shipping_code']) . "', comment = '" . $this->db->escape($data['comment']) . "', total = '" . (float)$data['total'] . "', affiliate_id = '" . (int)$data['affiliate_id'] . "', commission = '" . (float)$data['commission'] . "', marketing_id = '" . (int)$data['marketing_id'] . "', tracking = '" . $this->db->escape($data['tracking']) . "', language_id = '" . (int)$data['language_id'] . "', currency_id = '" . (int)$data['currency_id'] . "', currency_code = '" . $this->db->escape($data['currency_code']) . "', currency_value = '" . (float)$data['currency_value'] . "', ip = '" . $this->db->escape($data['ip']) . "', forwarded_ip = '" .  $this->db->escape($data['forwarded_ip']) . "', user_agent = '" . $this->db->escape($data['user_agent']) . "', accept_language = '" . $this->db->escape($data['accept_language']) . "', date_added = NOW(), date_modified = NOW()");]]></search>
            <add position="replace"><![CDATA[if(isset($data['courier_company'])) {
$this->db->query("INSERT INTO `" . DB_PREFIX . "order` SET courier_company = '" . $this->db->escape($data['courier_company']) . "',tracking_code = '" . $this->db->escape($data['tracking_code']) . "',invoice_prefix = '" . $this->db->escape($data['invoice_prefix']) . "', store_id = '" . (int)$data['store_id'] . "', store_name = '" . $this->db->escape($data['store_name']) . "', store_url = '" . $this->db->escape($data['store_url']) . "', customer_id = '" . (int)$data['customer_id'] . "', customer_group_id = '" . (int)$data['customer_group_id'] . "', firstname = '" . $this->db->escape($data['firstname']) . "', lastname = '" . $this->db->escape($data['lastname']) . "', email = '" . $this->db->escape($data['email']) . "', telephone = '" . $this->db->escape($data['telephone']) . "', fax = '" . $this->db->escape($data['fax']) . "', custom_field = '" . $this->db->escape(isset($data['custom_field']) ? serialize($data['custom_field']) : '') . "', payment_firstname = '" . $this->db->escape($data['payment_firstname']) . "', payment_lastname = '" . $this->db->escape($data['payment_lastname']) . "', payment_company = '" . $this->db->escape($data['payment_company']) . "', payment_address_1 = '" . $this->db->escape($data['payment_address_1']) . "', payment_address_2 = '" . $this->db->escape($data['payment_address_2']) . "', payment_city = '" . $this->db->escape($data['payment_city']) . "', payment_postcode = '" . $this->db->escape($data['payment_postcode']) . "', payment_country = '" . $this->db->escape($data['payment_country']) . "', payment_country_id = '" . (int)$data['payment_country_id'] . "', payment_zone = '" . $this->db->escape($data['payment_zone']) . "', payment_zone_id = '" . (int)$data['payment_zone_id'] . "', payment_address_format = '" . $this->db->escape($data['payment_address_format']) . "', payment_custom_field = '" . $this->db->escape(isset($data['payment_custom_field']) ? serialize($data['payment_custom_field']) : '') . "', payment_method = '" . $this->db->escape($data['payment_method']) . "', payment_code = '" . $this->db->escape($data['payment_code']) . "', shipping_firstname = '" . $this->db->escape($data['shipping_firstname']) . "', shipping_lastname = '" . $this->db->escape($data['shipping_lastname']) . "', shipping_company = '" . $this->db->escape($data['shipping_company']) . "', shipping_address_1 = '" . $this->db->escape($data['shipping_address_1']) . "', shipping_address_2 = '" . $this->db->escape($data['shipping_address_2']) . "', shipping_city = '" . $this->db->escape($data['shipping_city']) . "', shipping_postcode = '" . $this->db->escape($data['shipping_postcode']) . "', shipping_country = '" . $this->db->escape($data['shipping_country']) . "', shipping_country_id = '" . (int)$data['shipping_country_id'] . "', shipping_zone = '" . $this->db->escape($data['shipping_zone']) . "', shipping_zone_id = '" . (int)$data['shipping_zone_id'] . "', shipping_address_format = '" . $this->db->escape($data['shipping_address_format']) . "', shipping_custom_field = '" . $this->db->escape(isset($data['shipping_custom_field']) ? serialize($data['shipping_custom_field']) : '') . "', shipping_method = '" . $this->db->escape($data['shipping_method']) . "', shipping_code = '" . $this->db->escape($data['shipping_code']) . "', comment = '" . $this->db->escape($data['comment']) . "', total = '" . (float)$data['total'] . "', affiliate_id = '" . (int)$data['affiliate_id'] . "', commission = '" . (float)$data['commission'] . "', marketing_id = '" . (int)$data['marketing_id'] . "', tracking = '" . $this->db->escape($data['tracking']) . "', language_id = '" . (int)$data['language_id'] . "', currency_id = '" . (int)$data['currency_id'] . "', currency_code = '" . $this->db->escape($data['currency_code']) . "', currency_value = '" . (float)$data['currency_value'] . "', ip = '" . $this->db->escape($data['ip']) . "', forwarded_ip = '" .  $this->db->escape($data['forwarded_ip']) . "', user_agent = '" . $this->db->escape($data['user_agent']) . "', accept_language = '" . $this->db->escape($data['accept_language']) . "', date_added = NOW(), date_modified = NOW()");
} else {
$this->db->query("INSERT INTO `" . DB_PREFIX . "order` SET invoice_prefix = '" . $this->db->escape($data['invoice_prefix']) . "', store_id = '" . (int)$data['store_id'] . "', store_name = '" . $this->db->escape($data['store_name']) . "', store_url = '" . $this->db->escape($data['store_url']) . "', customer_id = '" . (int)$data['customer_id'] . "', customer_group_id = '" . (int)$data['customer_group_id'] . "', firstname = '" . $this->db->escape($data['firstname']) . "', lastname = '" . $this->db->escape($data['lastname']) . "', email = '" . $this->db->escape($data['email']) . "', telephone = '" . $this->db->escape($data['telephone']) . "', fax = '" . $this->db->escape($data['fax']) . "', custom_field = '" . $this->db->escape(isset($data['custom_field']) ? serialize($data['custom_field']) : '') . "', payment_firstname = '" . $this->db->escape($data['payment_firstname']) . "', payment_lastname = '" . $this->db->escape($data['payment_lastname']) . "', payment_company = '" . $this->db->escape($data['payment_company']) . "', payment_address_1 = '" . $this->db->escape($data['payment_address_1']) . "', payment_address_2 = '" . $this->db->escape($data['payment_address_2']) . "', payment_city = '" . $this->db->escape($data['payment_city']) . "', payment_postcode = '" . $this->db->escape($data['payment_postcode']) . "', payment_country = '" . $this->db->escape($data['payment_country']) . "', payment_country_id = '" . (int)$data['payment_country_id'] . "', payment_zone = '" . $this->db->escape($data['payment_zone']) . "', payment_zone_id = '" . (int)$data['payment_zone_id'] . "', payment_address_format = '" . $this->db->escape($data['payment_address_format']) . "', payment_custom_field = '" . $this->db->escape(isset($data['payment_custom_field']) ? serialize($data['payment_custom_field']) : '') . "', payment_method = '" . $this->db->escape($data['payment_method']) . "', payment_code = '" . $this->db->escape($data['payment_code']) . "', shipping_firstname = '" . $this->db->escape($data['shipping_firstname']) . "', shipping_lastname = '" . $this->db->escape($data['shipping_lastname']) . "', shipping_company = '" . $this->db->escape($data['shipping_company']) . "', shipping_address_1 = '" . $this->db->escape($data['shipping_address_1']) . "', shipping_address_2 = '" . $this->db->escape($data['shipping_address_2']) . "', shipping_city = '" . $this->db->escape($data['shipping_city']) . "', shipping_postcode = '" . $this->db->escape($data['shipping_postcode']) . "', shipping_country = '" . $this->db->escape($data['shipping_country']) . "', shipping_country_id = '" . (int)$data['shipping_country_id'] . "', shipping_zone = '" . $this->db->escape($data['shipping_zone']) . "', shipping_zone_id = '" . (int)$data['shipping_zone_id'] . "', shipping_address_format = '" . $this->db->escape($data['shipping_address_format']) . "', shipping_custom_field = '" . $this->db->escape(isset($data['shipping_custom_field']) ? serialize($data['shipping_custom_field']) : '') . "', shipping_method = '" . $this->db->escape($data['shipping_method']) . "', shipping_code = '" . $this->db->escape($data['shipping_code']) . "', comment = '" . $this->db->escape($data['comment']) . "', total = '" . (float)$data['total'] . "', affiliate_id = '" . (int)$data['affiliate_id'] . "', commission = '" . (float)$data['commission'] . "', marketing_id = '" . (int)$data['marketing_id'] . "', tracking = '" . $this->db->escape($data['tracking']) . "', language_id = '" . (int)$data['language_id'] . "', currency_id = '" . (int)$data['currency_id'] . "', currency_code = '" . $this->db->escape($data['currency_code']) . "', currency_value = '" . (float)$data['currency_value'] . "', ip = '" . $this->db->escape($data['ip']) . "', forwarded_ip = '" .  $this->db->escape($data['forwarded_ip']) . "', user_agent = '" . $this->db->escape($data['user_agent']) . "', accept_language = '" . $this->db->escape($data['accept_language']) . "', date_added = NOW(), date_modified = NOW()");
}]]></add>
        </operation>
        <operation>
            <search><![CDATA[$this->db->query("UPDATE `" . DB_PREFIX . "order` SET invoice_prefix = '" . $this->db->escape($data['invoice_prefix']) . "', store_id = '" . (int)$data['store_id'] . "', store_name = '" . $this->db->escape($data['store_name']) . "', store_url = '" . $this->db->escape($data['store_url']) . "', customer_id = '" . (int)$data['customer_id'] . "', customer_group_id = '" . (int)$data['customer_group_id'] . "', firstname = '" . $this->db->escape($data['firstname']) . "', lastname = '" . $this->db->escape($data['lastname']) . "', email = '" . $this->db->escape($data['email']) . "', telephone = '" . $this->db->escape($data['telephone']) . "', fax = '" . $this->db->escape($data['fax']) . "', custom_field = '" . $this->db->escape(serialize($data['custom_field'])) . "', payment_firstname = '" . $this->db->escape($data['payment_firstname']) . "', payment_lastname = '" . $this->db->escape($data['payment_lastname']) . "', payment_company = '" . $this->db->escape($data['payment_company']) . "', payment_address_1 = '" . $this->db->escape($data['payment_address_1']) . "', payment_address_2 = '" . $this->db->escape($data['payment_address_2']) . "', payment_city = '" . $this->db->escape($data['payment_city']) . "', payment_postcode = '" . $this->db->escape($data['payment_postcode']) . "', payment_country = '" . $this->db->escape($data['payment_country']) . "', payment_country_id = '" . (int)$data['payment_country_id'] . "', payment_zone = '" . $this->db->escape($data['payment_zone']) . "', payment_zone_id = '" . (int)$data['payment_zone_id'] . "', payment_address_format = '" . $this->db->escape($data['payment_address_format']) . "', payment_custom_field = '" . $this->db->escape(serialize($data['payment_custom_field'])) . "', payment_method = '" . $this->db->escape($data['payment_method']) . "', payment_code = '" . $this->db->escape($data['payment_code']) . "', shipping_firstname = '" . $this->db->escape($data['shipping_firstname']) . "', shipping_lastname = '" . $this->db->escape($data['shipping_lastname']) . "', shipping_company = '" . $this->db->escape($data['shipping_company']) . "', shipping_address_1 = '" . $this->db->escape($data['shipping_address_1']) . "', shipping_address_2 = '" . $this->db->escape($data['shipping_address_2']) . "', shipping_city = '" . $this->db->escape($data['shipping_city']) . "', shipping_postcode = '" . $this->db->escape($data['shipping_postcode']) . "', shipping_country = '" . $this->db->escape($data['shipping_country']) . "', shipping_country_id = '" . (int)$data['shipping_country_id'] . "', shipping_zone = '" . $this->db->escape($data['shipping_zone']) . "', shipping_zone_id = '" . (int)$data['shipping_zone_id'] . "', shipping_address_format = '" . $this->db->escape($data['shipping_address_format']) . "', shipping_custom_field = '" . $this->db->escape(serialize($data['shipping_custom_field'])) . "', shipping_method = '" . $this->db->escape($data['shipping_method']) . "', shipping_code = '" . $this->db->escape($data['shipping_code']) . "', comment = '" . $this->db->escape($data['comment']) . "', total = '" . (float)$data['total'] . "', affiliate_id = '" . (int)$data['affiliate_id'] . "', commission = '" . (float)$data['commission'] . "', date_modified = NOW() WHERE order_id = '" . (int)$order_id . "'");]]></search>
            <add position="replace"><![CDATA[if(isset($data['courier_company'])) { 
$this->db->query("UPDATE `" . DB_PREFIX . "order` SET courier_company = '" . $this->db->escape($data['courier_company']) . "',tracking_code = '" . $this->db->escape($data['tracking_code']) . "',invoice_prefix = '" . $this->db->escape($data['invoice_prefix']) . "', store_id = '" . (int)$data['store_id'] . "', store_name = '" . $this->db->escape($data['store_name']) . "', store_url = '" . $this->db->escape($data['store_url']) . "', customer_id = '" . (int)$data['customer_id'] . "', customer_group_id = '" . (int)$data['customer_group_id'] . "', firstname = '" . $this->db->escape($data['firstname']) . "', lastname = '" . $this->db->escape($data['lastname']) . "', email = '" . $this->db->escape($data['email']) . "', telephone = '" . $this->db->escape($data['telephone']) . "', fax = '" . $this->db->escape($data['fax']) . "', custom_field = '" . $this->db->escape(serialize($data['custom_field'])) . "', payment_firstname = '" . $this->db->escape($data['payment_firstname']) . "', payment_lastname = '" . $this->db->escape($data['payment_lastname']) . "', payment_company = '" . $this->db->escape($data['payment_company']) . "', payment_address_1 = '" . $this->db->escape($data['payment_address_1']) . "', payment_address_2 = '" . $this->db->escape($data['payment_address_2']) . "', payment_city = '" . $this->db->escape($data['payment_city']) . "', payment_postcode = '" . $this->db->escape($data['payment_postcode']) . "', payment_country = '" . $this->db->escape($data['payment_country']) . "', payment_country_id = '" . (int)$data['payment_country_id'] . "', payment_zone = '" . $this->db->escape($data['payment_zone']) . "', payment_zone_id = '" . (int)$data['payment_zone_id'] . "', payment_address_format = '" . $this->db->escape($data['payment_address_format']) . "', payment_custom_field = '" . $this->db->escape(serialize($data['payment_custom_field'])) . "', payment_method = '" . $this->db->escape($data['payment_method']) . "', payment_code = '" . $this->db->escape($data['payment_code']) . "', shipping_firstname = '" . $this->db->escape($data['shipping_firstname']) . "', shipping_lastname = '" . $this->db->escape($data['shipping_lastname']) . "', shipping_company = '" . $this->db->escape($data['shipping_company']) . "', shipping_address_1 = '" . $this->db->escape($data['shipping_address_1']) . "', shipping_address_2 = '" . $this->db->escape($data['shipping_address_2']) . "', shipping_city = '" . $this->db->escape($data['shipping_city']) . "', shipping_postcode = '" . $this->db->escape($data['shipping_postcode']) . "', shipping_country = '" . $this->db->escape($data['shipping_country']) . "', shipping_country_id = '" . (int)$data['shipping_country_id'] . "', shipping_zone = '" . $this->db->escape($data['shipping_zone']) . "', shipping_zone_id = '" . (int)$data['shipping_zone_id'] . "', shipping_address_format = '" . $this->db->escape($data['shipping_address_format']) . "', shipping_custom_field = '" . $this->db->escape(serialize($data['shipping_custom_field'])) . "', shipping_method = '" . $this->db->escape($data['shipping_method']) . "', shipping_code = '" . $this->db->escape($data['shipping_code']) . "', comment = '" . $this->db->escape($data['comment']) . "', total = '" . (float)$data['total'] . "', affiliate_id = '" . (int)$data['affiliate_id'] . "', commission = '" . (float)$data['commission'] . "', date_modified = NOW() WHERE order_id = '" . (int)$order_id . "'");

} else {
$this->db->query("UPDATE `" . DB_PREFIX . "order` SET invoice_prefix = '" . $this->db->escape($data['invoice_prefix']) . "', store_id = '" . (int)$data['store_id'] . "', store_name = '" . $this->db->escape($data['store_name']) . "', store_url = '" . $this->db->escape($data['store_url']) . "', customer_id = '" . (int)$data['customer_id'] . "', customer_group_id = '" . (int)$data['customer_group_id'] . "', firstname = '" . $this->db->escape($data['firstname']) . "', lastname = '" . $this->db->escape($data['lastname']) . "', email = '" . $this->db->escape($data['email']) . "', telephone = '" . $this->db->escape($data['telephone']) . "', fax = '" . $this->db->escape($data['fax']) . "', custom_field = '" . $this->db->escape(serialize($data['custom_field'])) . "', payment_firstname = '" . $this->db->escape($data['payment_firstname']) . "', payment_lastname = '" . $this->db->escape($data['payment_lastname']) . "', payment_company = '" . $this->db->escape($data['payment_company']) . "', payment_address_1 = '" . $this->db->escape($data['payment_address_1']) . "', payment_address_2 = '" . $this->db->escape($data['payment_address_2']) . "', payment_city = '" . $this->db->escape($data['payment_city']) . "', payment_postcode = '" . $this->db->escape($data['payment_postcode']) . "', payment_country = '" . $this->db->escape($data['payment_country']) . "', payment_country_id = '" . (int)$data['payment_country_id'] . "', payment_zone = '" . $this->db->escape($data['payment_zone']) . "', payment_zone_id = '" . (int)$data['payment_zone_id'] . "', payment_address_format = '" . $this->db->escape($data['payment_address_format']) . "', payment_custom_field = '" . $this->db->escape(serialize($data['payment_custom_field'])) . "', payment_method = '" . $this->db->escape($data['payment_method']) . "', payment_code = '" . $this->db->escape($data['payment_code']) . "', shipping_firstname = '" . $this->db->escape($data['shipping_firstname']) . "', shipping_lastname = '" . $this->db->escape($data['shipping_lastname']) . "', shipping_company = '" . $this->db->escape($data['shipping_company']) . "', shipping_address_1 = '" . $this->db->escape($data['shipping_address_1']) . "', shipping_address_2 = '" . $this->db->escape($data['shipping_address_2']) . "', shipping_city = '" . $this->db->escape($data['shipping_city']) . "', shipping_postcode = '" . $this->db->escape($data['shipping_postcode']) . "', shipping_country = '" . $this->db->escape($data['shipping_country']) . "', shipping_country_id = '" . (int)$data['shipping_country_id'] . "', shipping_zone = '" . $this->db->escape($data['shipping_zone']) . "', shipping_zone_id = '" . (int)$data['shipping_zone_id'] . "', shipping_address_format = '" . $this->db->escape($data['shipping_address_format']) . "', shipping_custom_field = '" . $this->db->escape(serialize($data['shipping_custom_field'])) . "', shipping_method = '" . $this->db->escape($data['shipping_method']) . "', shipping_code = '" . $this->db->escape($data['shipping_code']) . "', comment = '" . $this->db->escape($data['comment']) . "', total = '" . (float)$data['total'] . "', affiliate_id = '" . (int)$data['affiliate_id'] . "', commission = '" . (float)$data['commission'] . "', date_modified = NOW() WHERE order_id = '" . (int)$order_id . "'");
}]]></add>
        </operation>
	<operation>
            <search><![CDATA[public function addOrderHistory($order_id, $order_status_id, $comment = '', $notify = false) {]]></search>
            <add position="before"><![CDATA[public function getTrackerlink($courier_company_name) {
        	//code LIKE '" . $currency . "'"
		$query = $this->db->query("SELECT tracking_url FROM " . DB_PREFIX . "ordertrack where courier_company_name  LIKE '" . $courier_company_name . "'");
			if(!empty($query->row)){
				return $query->row['tracking_url'];
			}
			else{
				return "";
			}
		
        }]]></add>
        </operation>
	<operation>
            <search><![CDATA['date_modified'           => $order_query->row['date_modified'],]]></search>
            <add position="after"><![CDATA['courier_company'              => $order_query->row['courier_company'],
'tracking_code'              => $order_query->row['tracking_code'],]]></add>
        </operation>
	<operation>
            <search><![CDATA[$data['date_added'] = date($language->get('date_format_short'), strtotime($order_info['date_added']));]]></search>
            <add position="before"><![CDATA[$data['tracking_url'] = $this->getTrackerlink($order_info['courier_company']);	
                $data['ordertracker_status'] = $this->config->get('ordertracker_status');
                $data['courier_company'] = $order_info['courier_company'];			
                $data['tracking_code'] = $order_info['tracking_code'];]]></add>
        </operation>
 </file> 
 
</modification>	
