<modification>
    <id>Product Mrp</id>
    <version>2.0</version>
    <vqmver>2.4.1</vqmver>
    <author>WWW.IRSSOFT.COM</author>

    <!--admin pge-->

    <file path="admin/controller/catalog/product.php">

        <operation>
            <search position="after"><![CDATA[$this->data['entry_recurring'] = $this->language->get('entry_recurring');]]></search>
            <add><![CDATA[$this->data['entry_mrp'] = $this->language->get('entry_mrp');]]></add>
        </operation>

        <operation>
            <search position="before"><![CDATA[$this->load->model('setting/store');]]></search>
            <add><![CDATA[

               $this->load->model('setting/setting');

               $this->data['status_mrp']=$this->config->get('mrp_status') ;

                    if (isset($this->request->post['mrp'])) {
            $this->data['mrp'] = $this->request->post['mrp'];
        } elseif (!empty($product_info)) {
            $this->data['mrp'] = $product_info['mrp'];
        } else {
            $this->data['mrp'] = '';
        }

            ]]></add>
        </operation>



    </file>

    <file path="admin/language/english/catalog/product.php">

        <operation>
            <search position="after"><![CDATA[$_['entry_recurring']        = 'Recurring billing:';]]></search>
            <add><![CDATA[$_['entry_mrp']              = 'MRP';]]></add>
        </operation>
    </file>

    <file path="admin/model/catalog/product.php">

 <operation>
            <search position="replace"><![CDATA[$this->db->query("INSERT INTO " . DB_PREFIX . "product SET model = '" . $this->db->escape($data['model']) . "', sku = '" . $this->db->escape($data['sku']) . "', upc = '" . $this->db->escape($data['upc']) . "', ean = '" . $this->db->escape($data['ean']) . "', jan = '" . $this->db->escape($data['jan']) . "', isbn = '" . $this->db->escape($data['isbn']) . "', mpn = '" . $this->db->escape($data['mpn']) . "', location = '" . $this->db->escape($data['location']) . "', quantity = '" . (int)$data['quantity'] . "', minimum = '" . (int)$data['minimum'] . "', subtract = '" . (int)$data['subtract'] . "', stock_status_id = '" . (int)$data['stock_status_id'] . "', date_available = '" . $this->db->escape($data['date_available']) . "', manufacturer_id = '" . (int)$data['manufacturer_id'] . "', shipping = '" . (int)$data['shipping'] . "', price = '" . (float)$data['price'] . "', points = '" . (int)$data['points'] . "', weight = '" . (float)$data['weight'] . "', weight_class_id = '" . (int)$data['weight_class_id'] . "', length = '" . (float)$data['length'] . "', width = '" . (float)$data['width'] . "', height = '" . (float)$data['height'] . "', length_class_id = '" . (int)$data['length_class_id'] . "', status = '" . (int)$data['status'] . "', tax_class_id = '" . $this->db->escape($data['tax_class_id']) . "', sort_order = '" . (int)$data['sort_order'] . "', date_added = NOW()");]]></search>
            <add><![CDATA[
             if(isset($data['mrp'])) {
            $this->db->query("INSERT INTO " . DB_PREFIX . "product SET model = '" . $this->db->escape($data['model']) . "', sku = '" . $this->db->escape($data['sku']) . "', upc = '" . $this->db->escape($data['upc']) . "', ean = '" . $this->db->escape($data['ean']) . "', jan = '" . $this->db->escape($data['jan']) . "', isbn = '" . $this->db->escape($data['isbn']) . "', mpn = '" . $this->db->escape($data['mpn']) . "',mrp = '" . $this->db->escape($data['mrp']) . "', location = '" . $this->db->escape($data['location']) . "', quantity = '" . (int)$data['quantity'] . "', minimum = '" . (int)$data['minimum'] . "', subtract = '" . (int)$data['subtract'] . "', stock_status_id = '" . (int)$data['stock_status_id'] . "', date_available = '" . $this->db->escape($data['date_available']) . "', manufacturer_id = '" . (int)$data['manufacturer_id'] . "', shipping = '" . (int)$data['shipping'] . "', price = '" . (float)$data['price'] . "', points = '" . (int)$data['points'] . "', weight = '" . (float)$data['weight'] . "', weight_class_id = '" . (int)$data['weight_class_id'] . "', length = '" . (float)$data['length'] . "', width = '" . (float)$data['width'] . "', height = '" . (float)$data['height'] . "', length_class_id = '" . (int)$data['length_class_id'] . "', status = '" . (int)$data['status'] . "', tax_class_id = '" . $this->db->escape($data['tax_class_id']) . "', sort_order = '" . (int)$data['sort_order'] . "', date_added = NOW()");
        }
        else {

            $this->db->query("INSERT INTO " . DB_PREFIX . "product SET model = '" . $this->db->escape($data['model']) . "', sku = '" . $this->db->escape($data['sku']) . "', upc = '" . $this->db->escape($data['upc']) . "', ean = '" . $this->db->escape($data['ean']) . "', jan = '" . $this->db->escape($data['jan']) . "', isbn = '" . $this->db->escape($data['isbn']) . "', mpn = '" . $this->db->escape($data['mpn']) . "', location = '" . $this->db->escape($data['location']) . "', quantity = '" . (int)$data['quantity'] . "', minimum = '" . (int)$data['minimum'] . "', subtract = '" . (int)$data['subtract'] . "', stock_status_id = '" . (int)$data['stock_status_id'] . "', date_available = '" . $this->db->escape($data['date_available']) . "', manufacturer_id = '" . (int)$data['manufacturer_id'] . "', shipping = '" . (int)$data['shipping'] . "', price = '" . (float)$data['price'] . "', points = '" . (int)$data['points'] . "', weight = '" . (float)$data['weight'] . "', weight_class_id = '" . (int)$data['weight_class_id'] . "', length = '" . (float)$data['length'] . "', width = '" . (float)$data['width'] . "', height = '" . (float)$data['height'] . "', length_class_id = '" . (int)$data['length_class_id'] . "', status = '" . (int)$data['status'] . "', tax_class_id = '" . $this->db->escape($data['tax_class_id']) . "', sort_order = '" . (int)$data['sort_order'] . "', date_added = NOW()");
        }
        ]]></add>
        </operation>


        <operation>
            <search position="replace"><![CDATA[$this->db->query("UPDATE " . DB_PREFIX . "product SET model = '" . $this->db->escape($data['model']) . "', sku = '" . $this->db->escape($data['sku']) . "', upc = '" . $this->db->escape($data['upc']) . "', ean = '" . $this->db->escape($data['ean']) . "', jan = '" . $this->db->escape($data['jan']) . "', isbn = '" . $this->db->escape($data['isbn']) . "', mpn = '" . $this->db->escape($data['mpn']) . "', location = '" . $this->db->escape($data['location']) . "', quantity = '" . (int)$data['quantity'] . "', minimum = '" . (int)$data['minimum'] . "', subtract = '" . (int)$data['subtract'] . "', stock_status_id = '" . (int)$data['stock_status_id'] . "', date_available = '" . $this->db->escape($data['date_available']) . "', manufacturer_id = '" . (int)$data['manufacturer_id'] . "', shipping = '" . (int)$data['shipping'] . "', price = '" . (float)$data['price'] . "', points = '" . (int)$data['points'] . "', weight = '" . (float)$data['weight'] . "', weight_class_id = '" . (int)$data['weight_class_id'] . "', length = '" . (float)$data['length'] . "', width = '" . (float)$data['width'] . "', height = '" . (float)$data['height'] . "', length_class_id = '" . (int)$data['length_class_id'] . "', status = '" . (int)$data['status'] . "', tax_class_id = '" . $this->db->escape($data['tax_class_id']) . "', sort_order = '" . (int)$data['sort_order'] . "', date_modified = NOW() WHERE product_id = '" . (int)$product_id . "'");]]></search>
            <add><![CDATA[ if(isset($data['mrp'])) {
            $this->db->query("UPDATE " . DB_PREFIX . "product SET model = '" . $this->db->escape($data['model']) . "', sku = '" . $this->db->escape($data['sku']) . "', upc = '" . $this->db->escape($data['upc']) . "', ean = '" . $this->db->escape($data['ean']) . "', jan = '" . $this->db->escape($data['jan']) . "', isbn = '" . $this->db->escape($data['isbn']) . "', mpn = '" . $this->db->escape($data['mpn']) . "',mrp = '" . $this->db->escape($data['mrp']) . "', location = '" . $this->db->escape($data['location']) . "', quantity = '" . (int)$data['quantity'] . "', minimum = '" . (int)$data['minimum'] . "', subtract = '" . (int)$data['subtract'] . "', stock_status_id = '" . (int)$data['stock_status_id'] . "', date_available = '" . $this->db->escape($data['date_available']) . "', manufacturer_id = '" . (int)$data['manufacturer_id'] . "', shipping = '" . (int)$data['shipping'] . "', price = '" . (float)$data['price'] . "', points = '" . (int)$data['points'] . "', weight = '" . (float)$data['weight'] . "', weight_class_id = '" . (int)$data['weight_class_id'] . "', length = '" . (float)$data['length'] . "', width = '" . (float)$data['width'] . "', height = '" . (float)$data['height'] . "', length_class_id = '" . (int)$data['length_class_id'] . "', status = '" . (int)$data['status'] . "', tax_class_id = '" . $this->db->escape($data['tax_class_id']) . "', sort_order = '" . (int)$data['sort_order'] . "', date_modified = NOW() WHERE product_id = '" . (int)$product_id . "'");
        }
        else{
            $this->db->query("UPDATE " . DB_PREFIX . "product SET model = '" . $this->db->escape($data['model']) . "', sku = '" . $this->db->escape($data['sku']) . "', upc = '" . $this->db->escape($data['upc']) . "', ean = '" . $this->db->escape($data['ean']) . "', jan = '" . $this->db->escape($data['jan']) . "', isbn = '" . $this->db->escape($data['isbn']) . "', mpn = '" . $this->db->escape($data['mpn']) . "', location = '" . $this->db->escape($data['location']) . "', quantity = '" . (int)$data['quantity'] . "', minimum = '" . (int)$data['minimum'] . "', subtract = '" . (int)$data['subtract'] . "', stock_status_id = '" . (int)$data['stock_status_id'] . "', date_available = '" . $this->db->escape($data['date_available']) . "', manufacturer_id = '" . (int)$data['manufacturer_id'] . "', shipping = '" . (int)$data['shipping'] . "', price = '" . (float)$data['price'] . "', points = '" . (int)$data['points'] . "', weight = '" . (float)$data['weight'] . "', weight_class_id = '" . (int)$data['weight_class_id'] . "', length = '" . (float)$data['length'] . "', width = '" . (float)$data['width'] . "', height = '" . (float)$data['height'] . "', length_class_id = '" . (int)$data['length_class_id'] . "', status = '" . (int)$data['status'] . "', tax_class_id = '" . $this->db->escape($data['tax_class_id']) . "', sort_order = '" . (int)$data['sort_order'] . "', date_modified = NOW() WHERE product_id = '" . (int)$product_id . "'");
        }]]></add>
        </operation>
    </file>

    <file path="admin/view/template/catalog/product_form.tpl">

        <operation>
            <search position="after" offset="1"><![CDATA[<td><input type="text" name="location" value="<?php echo $location; ?>" /></td>]]></search>
            <add><![CDATA[
   <?php  if($status_mrp == 1 ) {  ?>
            <tr>
                  <td><?php echo $entry_mrp; ?></td>
                  <td><input type="text" name="mrp" value="<?php if($mrp!=0.00) { echo $mrp;} ?>" placeholder="<?php echo $entry_mrp; ?>" id="input-location" class="form-control" /></td>

              </tr>
 <?php } ?>
            ]]></add>
        </operation>
    </file>


    <!--catalog page-->

    <file path="catalog/controller/product/product.php">

        <operation>
            <search position="after"><![CDATA[$this->data['points'] = $product_info['points'];]]></search>
            <add><![CDATA[

               $this->load->model('setting/setting');

               $this->data['status_mrp']=$this->config->get('mrp_status') ;

            if (isset($this->request->post['mrp'])) {
                $this->data['mrp'] = $this->request->post['mrp'];
            } elseif (!empty($product_info)) {
                $this->data['mrp'] = $product_info['mrp'];
            } else {
                $this->data['mrp'] = '';
            }


        ]]></add>
        </operation>
        <operation>
            <search position="after"><![CDATA[$this->data['price'] = $this->currency->format($this->tax->calculate($product_info['price'], $product_info['tax_class_id'], $this->config->get('config_tax')));]]></search>
            <add><![CDATA[
                 $mrpemptyvalue=0.00;
                $this->data['mrp'] = $this->currency->format($product_info['mrp']);
                $this->data['mrpemptyvalue'] = $this->currency->format($mrpemptyvalue);
        ]]></add>
        </operation>

        <!--for related products-->
        <operation info="for Featured Module">
            <search position="before"><![CDATA[$this->data['products'][] = array(]]></search>
            <add><![CDATA[
             $mrpempty=0.00;
                $mrpempty = $this->currency->format($mrpempty);

                if ($result['mrp'])
                {
                    $mrp = $this->currency->format($result['mrp']);
                }
                else
                {
                    $mrp = "";
                }
]]></add>
        </operation>
        <operation>
            <search position="after"><![CDATA[$this->data['products'][] = array(]]></search>

            <add><![CDATA[
	                'mrp' => $mrp,
                    'mrpemptyvalue' => $mrpempty,
]]></add>
        </operation>


    </file>



    <file path="catalog/model/catalog/product.php">
        <operation>
            <search position="before"><![CDATA['viewed'           => $query->row['viewed']]]></search>
            <add><![CDATA['mrp' =>  (isset($query->row['mrp']) ? $query->row['mrp']: ""),]]></add>
        </operation>

    </file>

    <file path="catalog/view/theme/*/template/product/product.tpl">
        <operation>
            <search position="replace"><![CDATA[<div class="price"><?php echo $text_price; ?>]]></search>
            <add><![CDATA[
              <?php if($status_mrp==1) { ?>
              <div class="price">
               <?php if($mrp!=$mrpemptyvalue){ ?>
              <h3><?php echo "MRP :"; ?><?php echo $mrp; ?></h3>
              <?php } }
              else { ?> <div class="price"><?php echo $text_price;  } ?>
            ]]></add>
        </operation>
        <operation>
            <search position="after"><![CDATA[<?php if (!$special) { ?>]]></search>
            <add><![CDATA[
             <?php if($status_mrp==1) { ?>
            <h2><?php if($mrp!=$mrpemptyvalue) { echo "Offer Price :"; } ?>
            <?php } ?>
             ]]></add>
        </operation>

        <operation>
            <search position="replace"><![CDATA[<span class="price-old"><?php echo $price; ?></span> <span class="price-new"><?php echo $special; ?></span>]]></search>
            <add><![CDATA[
                     <?php if($status_mrp==1) { ?> <li><?php if($mrp!=$mrpemptyvalue) { echo "Offer Price :"; } ?><span style="text-decoration: line-through;"><?php echo $price; ?></span></li><?php } ?>
                <span class="price-new"><?php echo $special; ?></span>

             ]]></add>
        </operation>

        <!--for related products-->

        <operation>
            <search position="before" offset="1"><![CDATA[<span class="price-old"><?php echo $product['price']; ?></span> <span class="price-new"><?php echo $product['special']; ?></span>]]></search>
            <add><![CDATA[
                   <?php if($status_mrp==1) { ?>  <span class="price-old"> <?php if($product['mrp']!=$product['mrpemptyvalue']){ echo $product['mrp']; } ?></span> <?php } ?>
]]></add>
        </operation>
        <operation>
            <search position="replace"><![CDATA[<span class="price-old"><?php echo $product['price']; ?></span> <span class="price-new"><?php echo $product['special']; ?></span>]]></search>
            <add><![CDATA[
                   <span class="price-old"><?php echo $product['price']; ?></span> <span class="price-new"><?php echo $product['special']; ?></span> <?php if($status_mrp==1) { ?> <span class="price-old"> <?php  if($product['mrp']!=$product['mrpemptyvalue']){ echo $product['mrp'];} ?></span> <?php } ?>
]]></add>
        </operation>
    </file>

    <!--feature file-->
    <file path="catalog/controller/module/featured.php">
        <operation info="for Featured Module">
            <search position="before"><![CDATA[$this->data['products'][] = array(]]></search>
            <add><![CDATA[
             $mrpemptyvalue=0.00;
                $mrpemptyvalue = $this->currency->format($mrpemptyvalue);

                if ($product_info['mrp'])
                {
                    $mrp = $this->currency->format($product_info['mrp']);
                }
                else
                {
                    $mrp = "";
                }
                
              $this->load->model('setting/setting');

               $this->data['status_mrp']=$this->config->get('mrp_status') ;

]]></add>
        </operation>
        <operation>
            <search position="after"><![CDATA[$this->data['products'][] = array(]]></search>

            <add><![CDATA[
	                'mrp' => $mrp,
                    'mrpemptyvalue' => $mrpemptyvalue,
]]></add>
        </operation>
    </file>

    <file path="catalog/view/theme/*/template/module/featured.tpl">

        <operation>
            <search position="before" offset="1"><![CDATA[<span class="price-old"><?php echo $product['price']; ?></span> <span class="price-new"><?php echo $product['special']; ?></span>]]></search>
            <add><![CDATA[
                 <?php if($status_mrp==1) { ?>    <span class="price-old"> <?php if($product['mrp']!=$product['mrpemptyvalue']){ echo $product['mrp']; } ?></span><?php } ?>
]]></add>
        </operation>
        <operation>
            <search position="replace"><![CDATA[<span class="price-old"><?php echo $product['price']; ?></span> <span class="price-new"><?php echo $product['special']; ?></span>]]></search>
            <add><![CDATA[ <?php if($status_mrp==1) { ?>  <span class="price-old"> <?php if($product['mrp']!=$product['mrpemptyvalue']){ echo $product['mrp']; } ?></span><?php } ?> <span class="price-old"><?php echo $product['price']; ?></span> <span class="price-new"><?php echo $product['special']; ?></span>]]></add>
        </operation>
    </file>


    <!--search file-->
    <file path="catalog/controller/product/search.php">
        <operation info="for Featured Module">
            <search position="before"><![CDATA[$this->data['products'][] = array(]]></search>
            <add><![CDATA[
                $mrpemptyvalue=0.00;
                $mrpemptyvalue = $this->currency->format($mrpemptyvalue);

                if ($result['mrp'])
                {
                    $mrp = $this->currency->format($result['mrp']);
                }
                else
                {
                    $mrp = "";
                }



              $this->load->model('setting/setting');

               $this->data['status_mrp']=$this->config->get('mrp_status') ;
]]></add>
        </operation>
        <operation>
            <search position="after"><![CDATA[$this->data['products'][] = array(]]></search>

            <add><![CDATA[
	 'mrp' => $mrp,
	 'mrpemptyvalue' => $mrpemptyvalue,
]]></add>
        </operation>
    </file>

    <file path="catalog/view/theme/*/template/product/search.tpl">

        <operation>
            <search position="before" offset="1"><![CDATA[<span class="price-old"><?php echo $product['price']; ?></span> <span class="price-new"><?php echo $product['special']; ?></span>]]></search>
            <add><![CDATA[
                <?php if($status_mrp==1) { ?>     <span class="price-old"> <?php if($product['mrp']!=$product['mrpemptyvalue']){ echo $product['mrp']; } ?></span><?php } ?>
]]></add>
        </operation>
        <operation>
            <search position="before"><![CDATA[<span class="price-old"><?php echo $product['price']; ?></span> <span class="price-new"><?php echo $product['special']; ?></span>]]></search>
            <add><![CDATA[
                    <?php if($status_mrp==1) { ?>   <span class="price-old"> <?php if($product['mrp']!=$product['mrpemptyvalue']){ echo $product['mrp']; } ?></span><?php } ?>
]]></add>
        </operation>
    </file>

    <!--catagory page file-->
    <file path="catalog/controller/product/category.php">
        <operation info="for Featured Module">
            <search position="before"><![CDATA[$this->data['products'][] = array(]]></search>
            <add><![CDATA[
             $mrpemptyvalue=0.00;
             $mrpemptyvalue = $this->currency->format($mrpemptyvalue);

	   if ($result['mrp'])
	   {
       $mrp = $this->currency->format($result['mrp']);
       }
       else
       {
       $mrp = "";
       }

        $this->load->model('setting/setting');

               $this->data['status_mrp']=$this->config->get('mrp_status') ;

]]></add>
        </operation>
        <operation>
            <search position="after"><![CDATA[$this->data['products'][] = array(]]></search>

            <add><![CDATA[
	 'mrp' => $mrp,
	 'mrpemptyvalue' => $mrpemptyvalue,
]]></add>
        </operation>
    </file>

    <file path="catalog/view/theme/*/template/product/category.tpl">

        <operation>
            <search position="before" offset="1"><![CDATA[<span class="price-old"><?php echo $product['price']; ?></span> <span class="price-new"><?php echo $product['special']; ?></span>]]></search>
            <add><![CDATA[
                    <?php if($status_mrp==1) { ?>  <span class="price-old"> <?php if($product['mrp']!=$product['mrpemptyvalue']){ echo $product['mrp']; } ?></span><?php } ?>
]]></add>
        </operation>
        <operation>
            <search position="replace"><![CDATA[<span class="price-old"><?php echo $product['price']; ?></span> <span class="price-new"><?php echo $product['special']; ?></span>]]></search>
            <add><![CDATA[
                <?php if($status_mrp==1) { ?> <span class="price-old"> <?php if($product['mrp']!=$product['mrpemptyvalue']){ echo $product['mrp']; } ?></span><?php } ?>
               <span class="price-old"><?php echo $product['price']; ?></span> <span class="price-new"><?php echo $product['special']; ?></span>
]]></add>
        </operation>
    </file>

</modification>

