<modification>
    <name>Product Item Condition</name>
    <code>productitemcondition</code>
    <version>2.0</version>
    <authour>IRS SOFT</authour>

    <!--admin controller file start-->

    <file path="admin/controller/catalog/product.php">
	<operation>
            <search ><![CDATA[$data['tab_design'] = $this->language->get('tab_design');]]></search>
            <add position="after" ><![CDATA[ $data['entry_item_condition'] = $this->language->get('entry_item_condition');
        $data['help_item_condition'] = $this->language->get('help_item_condition');]]>
            </add>
        </operation>
        <operation>
            <search  ><![CDATA[$data['languages'] = $this->model_localisation_language->getLanguages();]]></search>
            <add position="after"><![CDATA[//product item condition

        $this->load->model('localisation/item_condition');

        $data['item_condition'] = $this->model_localisation_item_condition->getCurrencies();

        if (isset($this->request->post['ic_id'])) {
            $data['ic_id'] = $this->request->post['ic_id'];
        } elseif (isset($this->request->get['product_id'])) {
            $data['ic_id'] = $this->model_catalog_product->getItemcondition($this->request->get['product_id']);
                
        } else {
            $data['ic_id'] = array();
        }

        //product item condition end here]]>
            </add>
        </operation>
       
        

    </file>
    <!--admin controller file end-->
   <!--admin model file start-->
    <file path="admin/model/catalog/product.php">

      
        <operation>
            <search ><![CDATA[public function getTotalProductsByLayoutId($layout_id) {]]></search>
            <add position="after" offset="4"><![CDATA[ public function getItemcondition($product_id) {
        $product_description_data = array();
        $query = $this->db->query("SELECT pic.ic_id,pics.ic_name FROM " . DB_PREFIX . "product_item_condition pic LEFT JOIN " . DB_PREFIX . "product_item_condition_master pics ON (pic.ic_id = pics.ic_id) WHERE pic.product_id = '" . (int)$product_id . "'");
        foreach ($query->rows as $result) {
           $product_description_data[$result['ic_name']] =array('ic_name' =>  $result['ic_name'],'ic_id'=>$result['ic_id']);
        }
        return $product_description_data;
    }]]>

            </add>
        </operation>
	<operation>
            <search ><![CDATA[$data = array_merge($data, array('product_description' => $this->getProductDescriptions($product_id)));]]></search>
            <add position="after" offset="10"><![CDATA[$data = array_merge($data, array('product_itemcondition' => $this->getItemcondition($product_id)));
]]>

            </add>
        </operation>
 <operation>
            <search ><![CDATA[public function editProduct($product_id, $data) {]]></search>
            <add position="after" offset="9"><![CDATA[ //item condition

         $this->db->query("DELETE FROM " . DB_PREFIX . "product_item_condition WHERE product_id = '" . (int)$product_id . "'");

        //foreach ($data['product_description'] as $language_id => $value) {
        if($data['ic_id'] != 0) {
            $this->db->query("INSERT INTO " . DB_PREFIX . "product_item_condition SET product_id = '" . (int)$product_id . "', language_id = '" . (int)$language_id . "', ic_id = '".(int)$data['ic_id']. "'");
      
       }
       // }]]>

            </add>
        </operation>
<operation>
            <search ><![CDATA[public function addProduct($data) {]]></search>
            <add position="after" offset="9"><![CDATA[ //item condition

         if($data['ic_id'] != 0) {
            $this->db->query("INSERT INTO " . DB_PREFIX . "product_item_condition SET product_id = '" . (int)$product_id . "', language_id = '" . (int)$language_id . "', ic_id = '".(int)$data['ic_id']. "'");
      
       }
       // }]]>

            </add>
        </operation>
<operation>
            <search ><![CDATA[public function deleteProduct($product_id) {]]></search>
            <add position="after" offset="5"><![CDATA[$this->db->query("DELETE FROM " . DB_PREFIX . "product_item_condition WHERE product_id = '" . (int)$product_id . "'");]]>

            </add>
        </operation>
    </file>
    <!--admin model file end-->
    <!-- admin language file start-->
    <file path="admin/language/english/catalog/product.php">
        <operation>
            <search ><![CDATA[$_['entry_name']             = 'Product Name';]]></search>
            <add position="after" ><![CDATA[$_['entry_item_condition']     = 'Item Condition';
		$_['help_item_condition']  	 = 'product item condition';]]>
            </add>
        </operation>

    </file>
    <!--admin language file end-->
       
    <!-- view file start-->
    <file path="admin/view/template/catalog/product_form.tpl">

        
        <operation>
            <search ><![CDATA[<label class="col-sm-2 control-label" for="input-stock-status"><span data-toggle="tooltip" title="<?php echo $help_stock_status; ?>"><?php echo $entry_stock_status; ?></span></label>]]></search>
            <add position="after" offset="12"><![CDATA[<div class="form-group">
                    <label class="col-sm-2 control-label" for="input-product-itemcondition"><span data-toggle="tooltip" title="<?php echo $help_item_condition; ?>"><?php echo $entry_item_condition; ?> </span></label>
                    <div class="col-sm-10">
                        <select name="ic_id" id="input-stock-status" class="form-control">
<option >Select Item Condition</option>
                            <?php
                            $ic_idvalue="";
                             foreach( $ic_id as $idic){ //idic start here
                             $ic_idvalue.=$idic['ic_id']; } //condition for loop end here
                            foreach ($item_condition as $condition) {  //condition for loop start here
                            if($condition['status']==1){
                            if ($condition['ic_id'] == $ic_idvalue ) { ?>
                            <option value="<?php echo $condition['ic_id']; ?>" selected="selected"><?php echo $condition['ic_name']; ?></option>
                            <?php  } else { ?>
                            <option value="<?php echo $condition['ic_id']; ?>" ><?php echo $condition['ic_name']; ?></option>
                            <?php  }
                                   }

                                  } //idic end here ?>
                        </select>
                    </div>
                </div>]]>

            </add>
        </operation>
        
    </file>
    <!-- view file end-->

<!-- admin comman file satrt here-->

<file path="admin/controller/common/menu.php">
	<operation>
            <search ><![CDATA[$data['text_language'] = $this->language->get('text_language');]]></search>
            <add position="after" ><![CDATA[ $data['text_item_condition'] = $this->language->get('text_item_condition');
	$data['item_condition'] = $this->url->link('localisation/item_condition', 'token=' . $this->session->data['token'], 'SSL');]]>
            </add>
        </operation>
        

    </file>
    <!--admin controller file end-->
   
    <!-- admin language file start-->
    <file path="admin/language/english/common/menu.php">
        <operation>
            <search><![CDATA[$_['text_language']                    = 'Languages';]]></search>
            <add  position="after" ><![CDATA[$_['text_item_condition']                = 'Item Condition';
		$_['help_item_condition']  	 = 'product item condition';]]>
            </add>
        </operation>

    </file>
    <!--admin language file end-->
       
    <!-- view file start-->
    <file path="admin/view/template/common/menu.tpl">

        
        <operation>
            <search ><![CDATA[<li><a href="<?php echo $weight_class; ?>"><?php echo $text_weight_class; ?></a></li>]]></search>
            <add position="after"><![CDATA[<li><a href="<?php echo $item_condition; ?>"><?php echo $text_item_condition; ?></a></li>]]>

            </add>
        </operation>
        
    </file>
    <!-- view file end-->

<!---admin comman file end here-->

    <!--catalog controller file start-->
    <file path="catalog/controller/product/product.php">
        <operation>
            <search  ><![CDATA[$data['tab_attribute'] = $this->language->get('tab_attribute');]]></search>
            <add position="after"><![CDATA[ $data['tab_condition'] = $this->language->get('tab_condition');]]>
            </add>
        </operation>
        <operation>
            <search ><![CDATA[$data['description'] = html_entity_decode($product_info['description'], ENT_QUOTES, 'UTF-8');]]></search>
            <add position="after" ><![CDATA[$data['itemcondition'] = $this->model_catalog_product->getItemcondition($this->request->get['product_id']);]]>
            </add>
        </operation>
    </file>
    <!-- catalog controller file end-->

    <!--catalog language file start-->
    <file path="catalog/language/english/product/product.php">
        <operation>
            <search  ><![CDATA[$_['tab_review']               = 'Reviews (%s)';]]></search>
            <add position="after"><![CDATA[$_['tab_condition']            = 'Condition: ';
]]>
            </add>
        </operation>
    </file>
    <!-- catalog language file end-->

   <!--catalog model file start-->
    <file path="catalog/model/catalog/product.php">
        <operation>
            <search ><![CDATA[public function getTotalProductSpecials() {]]></search>
            <add position="after" offset="8"><![CDATA[public function getItemcondition($product_id) {
        $product_data = array();

        $query = $this->db->query("SELECT pics.ic_name FROM " . DB_PREFIX . "product_item_condition pic LEFT JOIN " . DB_PREFIX . "product_item_condition_master pics ON (pic.ic_id = pics.ic_id) WHERE pic.product_id = '" . (int)$product_id . "'");

        foreach ($query->rows as $result) {
            $product_data[$result['ic_name']] =$result['ic_name'];
        }

        return $product_data;
   
    }]]>
            </add>
        </operation>


    </file>
    <!-- catalog model file end-->

    <!--catalog view file start-->
    <file path="catalog/view/theme/*/template/product/product.tpl">
        <operation>
            <search  ><![CDATA[<li><?php echo $text_stock; ?> <?php echo $stock; ?></li>]]></search>
            <add position="after"><![CDATA[ <?php foreach($itemcondition as $itemcondition1){
              if($itemcondition1){
              ?>
              <li><?php echo $tab_condition; ?> <?php echo $itemcondition1; ?></li>
              <?php } } ?>]]>
            </add>
        </operation>
        

    </file>
    <!-- catalog view file end-->




</modification>
