<modification>
	<name>Indian Rupee Symbol</name>
	<code>indianrupeesymbol</code>
	<version>2.0</version>
	<author>IRSSOFT</author>
	<link>http://www.irssoft.com/</link>
    <file path="system/library/currency.php">
        <operation>
            <search><![CDATA[if (($symbol_left) && ($format)) {]]></search>
            <add position="replace" offset="2"><![CDATA[if (($symbol_left) && ($format)) {
            if($currency=='INR')
            $string .='<span class=\'WebRupee\'>Rs</span>';
            else
            $string .= $symbol_left;
            }]]></add>
        </operation>
        <operation>
            <search><![CDATA[if (($symbol_right) && ($format)) {]]></search>
            <add position="replace" offset="2"><![CDATA[if (($symbol_right) && ($format)) {
            if($currency=='INR')
            $string .='';
            else
            $string .= $symbol_right;
            }]]></add>
        </operation>
    </file>

    <file path="catalog/view/theme/*/template/common/currency.tpl">
        <operation>
            <search><![CDATA[<?php foreach ($currencies as $currency) { ?>]]></search>
            <add position="after"><![CDATA[<?php if($currency['code']=="INR"){$currency['symbol_left']="<span class='WebRupee'>Rs</span>";}?>]]></add>
        </operation>
    </file>

    <file path="catalog/view/theme/*/template/common/header.tpl">
        <operation>
             <search><![CDATA[</head>]]></search>
             <add position="before"><![CDATA[<link rel="stylesheet" type="text/css" href="irsgroup/ind-font/font.css" />
                    <script type="text/javascript" src="irsgroup/ind-font/inr.js"></script>]]></add>
        </operation>
    </file>

</modification>
